# Метеостанция Москва (ВДНХ), Россия, WMO_ID=27612, выборка с 01.11.2017 по 01.12.2017, все дни
# Кодировка: UTF-8
# Информация предоставлена сайтом "Расписание Погоды", rp5.ru 
# Пожалуйста, при использовании данных, любезно указывайте названный сайт.
# Обозначения метеопараметров см. по адресу http://rp5.ru/archive.php?wmo_id=27612&lang=ru
#
"Местное время в Москве (ВДНХ)";"T";"Po";"P";"Pa";"U";"DD";"Ff";"ff10";"ff3";"N";"WW";"W1";"W2";"Tn";"Tx";"Cl";"Nh";"H";"Cm";"Ch";"VV";"Td";"RRR";"tR";"E";"Tg";"E'";"sss"
"01.12.2017 21:00";"0.8";"748.8";"763.6";"-1.1";"95";"Ветер, дующий с юго-юго-востока";"3";"";"12";"100%.";"Снег непрерывный умеренный в срок наблюдения. ";"Дождь со снегом или другими видами твердых осадков";"Облака покрывали более половины неба в течение всего соответствующего периода.";"";"0.8";"Слоистые разорванные или кучевые разорванные облака плохой погоды, либо те и другие вместе (разорванно-дождевые); обычно расположены под слоистыми или слоисто-дождевыми облаками.";"100%.";"300-600";"Высокослоистые непросвечивающие или слоисто-дождевые.";"";"";"0.1";"12.0";"12";"";"";"";"";
"01.12.2017 18:00";"0.5";"749.9";"764.8";"-1.1";"96";"Ветер, дующий с юго-юго-востока";"3";"";"11";"100%.";"Снег непрерывный умеренный в срок наблюдения. ";"Дождь со снегом или другими видами твердых осадков";"Облака покрывали более половины неба в течение всего соответствующего периода.";"";"";"Слоистые разорванные или кучевые разорванные облака плохой погоды, либо те и другие вместе (разорванно-дождевые); обычно расположены под слоистыми или слоисто-дождевыми облаками.";"100%.";"200-300";"Высокослоистые непросвечивающие или слоисто-дождевые.";"";"";"-0.1";"7.0";"12";"";"";"";"";
"01.12.2017 15:00";"0.3";"751.0";"766.0";"-1.5";"92";"Ветер, дующий с юго-юго-востока";"4";"";"";"100%.";"Снег непрерывный слабый в срок наблюдения. ";"Дождь со снегом или другими видами твердых осадков";"Облака покрывали более половины неба в течение всего соответствующего периода.";"";"";"Слоистые разорванные или кучевые разорванные облака плохой погоды, либо те и другие вместе (разорванно-дождевые); обычно расположены под слоистыми или слоисто-дождевыми облаками.";"100%.";"200-300";"Высокослоистые непросвечивающие или слоисто-дождевые.";"";"4.0";"-0.8";"";"";"";"";"";"";
"01.12.2017 12:00";"-0.6";"752.5";"767.5";"-0.8";"91";"Ветер, дующий с юго-юго-востока";"2";"";"";"100%.";"Снег непрерывный слабый в срок наблюдения. ";"Снег и/или другие виды твердых осадков";"Облака покрывали более половины неба в течение всего соответствующего периода.";"";"";"Слоистые разорванные или кучевые разорванные облака плохой погоды, либо те и другие вместе (разорванно-дождевые); обычно расположены под слоистыми или слоисто-дождевыми облаками.";"100%.";"200-300";"Высокослоистые непросвечивающие или слоисто-дождевые.";"";"4.0";"-1.9";"";"";"";"";"";"";
"01.12.2017 09:00";"-1.2";"753.3";"768.3";"-0.8";"91";"Ветер, дующий с юго-востока";"2";"";"10";"100%.";"Дымка. ";"Снег и/или другие виды твердых осадков";"Морось.";"-1.5";"";"Слоистые разорванные или кучевые разорванные облака плохой погоды, либо те и другие вместе (разорванно-дождевые); обычно расположены под слоистыми или слоисто-дождевыми облаками.";"100%.";"200-300";"";"";"4.0";"-2.5";"0.4";"12";"";"";"Ровный слой слежавшегося или мокрого снега покрывает поверхность почвы полностью.";"4.0";
"01.12.2017 06:00";"-1.4";"754.1";"769.2";"-1.1";"92";"Ветер, дующий с юго-юго-востока";"3";"";"10";"100%.";"Снег непрерывный слабый в срок наблюдения. ";"Снег и/или другие виды твердых осадков";"Морось.";"-1.5";"";"Слоистые разорванные или кучевые разорванные облака плохой погоды, либо те и другие вместе (разорванно-дождевые); обычно расположены под слоистыми или слоисто-дождевыми облаками.";"100%.";"200-300";"";"";"";"-2.6";"0.7";"12";"";"";"";"";
"01.12.2017 03:00";"-1.4";"755.2";"770.4";"-0.5";"94";"Ветер, дующий с юго-юго-востока";"2";"";"";"100%.";"Снег неливневый. ";"Снег и/или другие виды твердых осадков";"Облака покрывали более половины неба в течение всего соответствующего периода.";"";"";"Слоистые разорванные или кучевые разорванные облака плохой погоды, либо те и другие вместе (разорванно-дождевые); обычно расположены под слоистыми или слоисто-дождевыми облаками.";"100%.";"200-300";"";"";"";"-2.3";"";"";"";"";"";"";
"01.12.2017 00:00";"-1.4";"755.7";"770.8";"0.2";"88";"Ветер, дующий с юго-юго-востока";"2";"";"";"100%.";"Снег непрерывный слабый в срок наблюдения. ";"Снег и/или другие виды твердых осадков";"Облака покрывали более половины неба в течение всего соответствующего периода.";"";"";"Слоистые разорванные или кучевые разорванные облака плохой погоды, либо те и другие вместе (разорванно-дождевые); обычно расположены под слоистыми или слоисто-дождевыми облаками.";"100%.";"300-600";"Высокослоистые непросвечивающие или слоисто-дождевые.";"";"";"-3.2";"";"";"";"";"";"";
"30.11.2017 21:00";"-1.4";"755.5";"770.5";"0.2";"86";"Ветер, дующий с юга";"3";"";"";"100%.";"Снег неливневый. ";"Снег и/или другие виды твердых осадков";"Облака покрывали более половины неба в течение всего соответствующего периода.";"";"-1.3";"Слоистые разорванные или кучевые разорванные облака плохой погоды, либо те и другие вместе (разорванно-дождевые); обычно расположены под слоистыми или слоисто-дождевыми облаками.";"100%.";"300-600";"Высокослоистые непросвечивающие или слоисто-дождевые.";"";"";"-3.4";"0.5";"12";"";"";"";"";
"30.11.2017 18:00";"-1.5";"755.3";"770.4";"0.4";"90";"Ветер, дующий с юго-юго-востока";"2";"";"10";"100%.";"Снег непрерывный слабый в срок наблюдения. ";"Снег и/или другие виды твердых осадков";"Облака покрывали более половины неба в течение всего соответствующего периода.";"";"";"Слоистые разорванные или кучевые разорванные облака плохой погоды, либо те и другие вместе (разорванно-дождевые); обычно расположены под слоистыми или слоисто-дождевыми облаками.";"100%.";"300-600";"Высокослоистые непросвечивающие или слоисто-дождевые.";"";"";"-2.9";"0.2";"12";"";"";"";"";
"30.11.2017 15:00";"-1.3";"754.9";"769.9";"0.0";"85";"Ветер, дующий с юго-юго-востока";"2";"";"";"100%.";"Снег непрерывный слабый в срок наблюдения. ";"Снег и/или другие виды твердых осадков";"Облака покрывали более половины неба в течение всего соответствующего периода.";"";"";"Слоистые разорванные или кучевые разорванные облака плохой погоды, либо те и другие вместе (разорванно-дождевые); обычно расположены под слоистыми или слоисто-дождевыми облаками.";"100%.";"300-600";"Высокослоистые непросвечивающие или слоисто-дождевые.";"";"4.0";"-3.5";"";"";"";"";"";"";
"30.11.2017 12:00";"-1.9";"754.9";"769.9";"0.5";"88";"Ветер, дующий с юго-юго-востока";"2";"";"";"100%.";"Снег непрерывный слабый в срок наблюдения. ";"Снег и/или другие виды твердых осадков";"Облака покрывали более половины неба в течение всего соответствующего периода.";"";"";"Слоистые разорванные или кучевые разорванные облака плохой погоды, либо те и другие вместе (разорванно-дождевые); обычно расположены под слоистыми или слоисто-дождевыми облаками.";"100%.";"300-600";"Высокослоистые непросвечивающие или слоисто-дождевые.";"";"4.0";"-3.7";"";"";"";"";"";"";
"30.11.2017 09:00";"-2.7";"754.4";"769.6";"0.4";"85";"Ветер, дующий с юго-юго-востока";"3";"";"10";"100%.";" ";"";"";"-3.3";"";"Слоистые разорванные или кучевые разорванные облака плохой погоды, либо те и другие вместе (разорванно-дождевые); обычно расположены под слоистыми или слоисто-дождевыми облаками.";"100%.";"300-600";"";"";"10.0";"-4.9";"Осадков нет";"12";"";"";"Ровный слой сухого рассыпчатого снега покрывает поверхность почвы полностью.";"3.0";
"30.11.2017 06:00";"-3.2";"754.0";"769.2";"0.1";"85";"Ветер, дующий с юга";"2";"";"";"100%.";" ";"";"";"-3.8";"";"Слоистые разорванные или кучевые разорванные облака плохой погоды, либо те и другие вместе (разорванно-дождевые); обычно расположены под слоистыми или слоисто-дождевыми облаками.";"100%.";"300-600";"";"";"";"-5.4";"Осадков нет";"12";"";"";"";"";
"30.11.2017 03:00";"-2.9";"753.9";"769.0";"0.0";"82";"Ветер, дующий с юго-юго-востока";"2";"";"";"100%.";" ";"";"";"";"";"Слоисто-кучевые, образовавшиеся не из кучевых.";"100%.";"600-1000";"";"";"";"-5.5";"";"";"";"";"";"";
"30.11.2017 00:00";"-3.2";"753.9";"769.1";"0.3";"86";"Ветер, дующий с юга";"3";"";"";"100%.";" ";"";"";"";"";"Слоистые разорванные или кучевые разорванные облака плохой погоды, либо те и другие вместе (разорванно-дождевые); обычно расположены под слоистыми или слоисто-дождевыми облаками.";"100%.";"300-600";"";"";"";"-5.3";"";"";"";"";"";"";
"29.11.2017 21:00";"-3.2";"753.6";"768.8";"-0.1";"85";"Ветер, дующий с юго-юго-востока";"3";"";"";"100%.";" ";"";"";"";"-3.2";"Слоистые разорванные или кучевые разорванные облака плохой погоды, либо те и другие вместе (разорванно-дождевые); обычно расположены под слоистыми или слоисто-дождевыми облаками.";"100%.";"300-600";"";"";"";"-5.4";"Следы осадков";"12";"";"";"";"";
"29.11.2017 18:00";"-3.8";"753.7";"769.0";"-0.2";"82";"Ветер, дующий с юго-юго-востока";"2";"";"";"100%.";" ";"";"";"";"";"Слоистые разорванные или кучевые разорванные облака плохой погоды, либо те и другие вместе (разорванно-дождевые); обычно расположены под слоистыми или слоисто-дождевыми облаками.";"100%.";"300-600";"";"";"";"-6.5";"Следы осадков";"12";"";"";"";"";
"29.11.2017 15:00";"-5.3";"753.9";"769.2";"-0.4";"85";"Ветер, дующий с юга";"2";"";"";"100%.";" ";"";"";"";"";"Слоистые разорванные или кучевые разорванные облака плохой погоды, либо те и другие вместе (разорванно-дождевые); обычно расположены под слоистыми или слоисто-дождевыми облаками.";"100%.";"300-600";"";"";"10.0";"-7.5";"";"";"";"";"";"";
"29.11.2017 12:00";"-6.3";"754.3";"769.7";"0.2";"87";"Ветер, дующий с юго-юго-востока";"2";"";"";"100%.";"Снег непрерывный слабый в срок наблюдения. ";"Снег и/или другие виды твердых осадков";"Облака покрывали более половины неба в течение всего соответствующего периода.";"";"";"Слоистые разорванные или кучевые разорванные облака плохой погоды, либо те и другие вместе (разорванно-дождевые); обычно расположены под слоистыми или слоисто-дождевыми облаками.";"100%.";"300-600";"";"";"4.0";"-8.2";"";"";"";"";"";"";
"29.11.2017 09:00";"-7.2";"754.1";"769.6";"0.4";"85";"Ветер, дующий с юго-юго-востока";"2";"";"";"70 – 80%.";" ";"";"";"-7.2";"";"Слоисто-кучевые, образовавшиеся не из кучевых.";"60%.";"600-1000";"Высококучевых, высокослоистых или слоисто-дождевых облаков нет.";"Перистые нитевидные, иногда когтевидные, не распространяющиеся по небу.";"10.0";"-9.3";"Осадков нет";"12";"";"";"Ровный слой сухого рассыпчатого снега покрывает поверхность почвы полностью.";"3.0";
"29.11.2017 06:00";"-5.6";"753.7";"769.0";"-0.3";"77";"Ветер, дующий с юго-востока";"1";"";"";"60%.";" ";"";"";"-5.6";"";"Слоисто-кучевые, образовавшиеся не из кучевых.";"60%.";"600-1000";"Высококучевых, высокослоистых или слоисто-дождевых облаков нет.";"Перистых, перисто-кучевых или перисто-слоистых нет.";"";"-9.1";"0.3";"12";"";"";"";"";
"29.11.2017 03:00";"-4.8";"754.0";"769.3";"-0.3";"78";"Ветер, дующий с юго-юго-востока";"2";"";"";"70 – 80%.";" ";"";"";"";"";"Слоисто-кучевые, образовавшиеся не из кучевых.";"70 – 80%.";"600-1000";"Высококучевых, высокослоистых или слоисто-дождевых облаков нет.";"Перистых, перисто-кучевых или перисто-слоистых нет.";"";"-8.1";"";"";"";"";"";"";
"29.11.2017 00:00";"-4.1";"754.3";"769.5";"-0.1";"84";"Ветер, дующий с юго-юго-востока";"2";"";"";"100%.";" ";"";"";"";"";"Слоистые разорванные или кучевые разорванные облака плохой погоды, либо те и другие вместе (разорванно-дождевые); обычно расположены под слоистыми или слоисто-дождевыми облаками.";"100%.";"300-600";"";"";"";"-6.4";"";"";"";"";"";"";
"28.11.2017 21:00";"-3.0";"754.4";"769.6";"-0.2";"84";"Ветер, дующий с юго-юго-востока";"2";"";"";"100%.";"Снег неливневый. ";"Снег и/или другие виды твердых осадков";"Облака покрывали более половины неба в течение всего соответствующего периода.";"";"-2.0";"Слоистые разорванные или кучевые разорванные облака плохой погоды, либо те и другие вместе (разорванно-дождевые); обычно расположены под слоистыми или слоисто-дождевыми облаками.";"100%.";"300-600";"";"";"";"-5.4";"2.0";"12";"";"";"";"";
"28.11.2017 18:00";"-2.8";"754.6";"769.7";"0.3";"87";"Ветер, дующий с юго-юго-востока";"2";"";"";"100%.";"Снег непрерывный слабый в срок наблюдения. ";"Снег и/или другие виды твердых осадков";"Облака покрывали более половины неба в течение всего соответствующего периода.";"";"";"Слоистые разорванные или кучевые разорванные облака плохой погоды, либо те и другие вместе (разорванно-дождевые); обычно расположены под слоистыми или слоисто-дождевыми облаками.";"100%.";"300-600";"Высокослоистые непросвечивающие или слоисто-дождевые.";"";"";"-4.7";"2.0";"12";"";"";"";"";
"28.11.2017 15:00";"-2.0";"754.3";"769.5";"-0.3";"86";"Ветер, дующий с юго-юго-востока";"1";"";"";"100%.";"Снег непрерывный слабый в срок наблюдения. ";"Снег и/или другие виды твердых осадков";"Облака покрывали более половины неба в течение всего соответствующего периода.";"";"";"Слоистые разорванные или кучевые разорванные облака плохой погоды, либо те и другие вместе (разорванно-дождевые); обычно расположены под слоистыми или слоисто-дождевыми облаками.";"100%.";"300-600";"Высокослоистые непросвечивающие или слоисто-дождевые.";"";"4.0";"-4.1";"";"";"";"";"";"";
"28.11.2017 12:00";"-2.3";"754.6";"769.8";"0.2";"89";"Ветер, дующий с юго-юго-востока";"1";"";"";"100%.";"Снег непрерывный слабый в срок наблюдения. ";"Снег и/или другие виды твердых осадков";"Облака покрывали более половины неба в течение всего соответствующего периода.";"";"";"Слоистые разорванные или кучевые разорванные облака плохой погоды, либо те и другие вместе (разорванно-дождевые); обычно расположены под слоистыми или слоисто-дождевыми облаками.";"100%.";"300-600";"Высокослоистые непросвечивающие или слоисто-дождевые.";"";"4.0";"-3.9";"";"";"";"";"";"";
"28.11.2017 09:00";"-2.8";"754.4";"769.6";"0.1";"82";"Ветер, дующий с юга";"1";"";"";"100%.";" ";"";"";"-5.6";"";"Слоистые разорванные или кучевые разорванные облака плохой погоды, либо те и другие вместе (разорванно-дождевые); обычно расположены под слоистыми или слоисто-дождевыми облаками.";"100%.";"300-600";"";"";"10.0";"-5.5";"Осадков нет";"12";"";"";"";"";
"28.11.2017 06:00";"-3.1";"754.3";"769.4";"0.0";"83";"Ветер, дующий с юго-юго-запада";"1";"";"";"100%.";" ";"";"";"-5.6";"";"Слоисто-кучевые, образовавшиеся не из кучевых.";"100%.";"600-1000";"";"";"";"-5.6";"Осадков нет";"12";"";"";"";"";
"28.11.2017 03:00";"-3.5";"754.3";"769.4";"-0.6";"82";"Ветер, дующий с юга";"1";"";"";"100%.";" ";"";"";"";"";"Слоисто-кучевые, образовавшиеся не из кучевых.";"100%.";"600-1000";"";"";"";"-6.1";"";"";"";"";"";"";
"28.11.2017 00:00";"-5.0";"754.9";"770.2";"0.3";"82";"Ветер, дующий с юга";"2";"";"";"100%.";" ";"";"";"";"";"Слоисто-кучевые, образовавшиеся не из кучевых.";"100%.";"600-1000";"";"";"";"-7.6";"";"";"";"";"";"";
"27.11.2017 21:00";"-4.7";"754.6";"769.9";"-0.3";"83";"Ветер, дующий с юго-юго-востока";"4";"";"";"90  или более, но не 100%";" ";"";"";"";"-1.7";"Слоисто-кучевые, образовавшиеся не из кучевых.";"90  или более, но не 100%";"600-1000";"Высококучевых, высокослоистых или слоисто-дождевых облаков нет.";"Перистых, перисто-кучевых или перисто-слоистых нет.";"";"-7.2";"Осадков нет";"12";"";"";"";"";
"27.11.2017 18:00";"-2.6";"754.9";"770.0";"-0.1";"84";"Ветер, дующий с юго-юго-востока";"2";"";"";"100%.";" ";"";"";"";"";"Слоисто-кучевые, образовавшиеся не из кучевых.";"70 – 80%.";"600-1000";"Высококучевые просвечивающие, расположенные на одном уровне.";"";"";"-4.9";"Осадков нет";"12";"";"";"";"";
"27.11.2017 15:00";"-1.9";"755.0";"770.2";"-0.2";"86";"Ветер, дующий с юга";"2";"";"";"100%.";"Дымка. ";"Облака покрывали более половины неба в течение всего соответствующего периода.";"Облака покрывали более половины неба в течение всего соответствующего периода.";"";"";"Слоистые разорванные или кучевые разорванные облака плохой погоды, либо те и другие вместе (разорванно-дождевые); обычно расположены под слоистыми или слоисто-дождевыми облаками.";"100%.";"300-600";"";"";"4.0";"-4.0";"";"";"";"";"";"";
"27.11.2017 12:00";"-2.6";"755.2";"770.4";"0.3";"91";"Ветер, дующий с юго-юго-востока";"2";"";"";"100%.";"Дымка. ";"Облака покрывали более половины неба в течение всего соответствующего периода.";"Облака покрывали более половины неба в течение всего соответствующего периода.";"";"";"Слоистые туманообразные или слоистые разорванные, либо те и другие, но не относящиеся к облакам плохой погоды.";"100%.";"200-300";"";"";"4.0";"-3.9";"";"";"";"";"";"";
"27.11.2017 09:00";"-3.6";"754.9";"770.2";"0.3";"91";"Ветер, дующий с юго-юго-востока";"3";"";"";"100%.";"Дымка. ";"Облака покрывали более половины неба в течение всего соответствующего периода.";"Облака покрывали более половины неба в течение всего соответствующего периода.";"-4.5";"";"Слоистые туманообразные или слоистые разорванные, либо те и другие, но не относящиеся к облакам плохой погоды.";"100%.";"200-300";"";"";"4.0";"-4.9";"Осадков нет";"12";"";"";"";"";
"27.11.2017 06:00";"-3.6";"754.6";"769.9";"0.1";"90";"Ветер, дующий с юго-юго-востока";"2";"";"";"100%.";"Дымка. ";"Облака покрывали более половины неба в течение всего соответствующего периода.";"Облака покрывали более половины неба в течение всего соответствующего периода.";"-4.5";"";"Слоистые туманообразные или слоистые разорванные, либо те и другие, но не относящиеся к облакам плохой погоды.";"100%.";"200-300";"";"";"";"-5.0";"Осадков нет";"12";"";"";"";"";
"27.11.2017 03:00";"-3.5";"754.5";"769.7";"-0.1";"89";"Ветер, дующий с юго-юго-востока";"2";"";"";"100%.";"Дымка. ";"Облака покрывали более половины неба в течение всего соответствующего периода.";"Облака покрывали более половины неба в течение всего соответствующего периода.";"";"";"Слоистые туманообразные или слоистые разорванные, либо те и другие, но не относящиеся к облакам плохой погоды.";"100%.";"200-300";"";"";"";"-5.0";"";"";"";"";"";"";
"27.11.2017 00:00";"-3.8";"754.6";"769.9";"0.3";"91";"Ветер, дующий с юго-юго-востока";"3";"";"";"100%.";"Дымка. ";"Облака покрывали более половины неба в течение всего соответствующего периода.";"Облака покрывали более половины неба в течение всего соответствующего периода.";"";"";"Слоистые туманообразные или слоистые разорванные, либо те и другие, но не относящиеся к облакам плохой погоды.";"100%.";"200-300";"";"";"";"-5.1";"";"";"";"";"";"";
"26.11.2017 21:00";"-4.5";"754.3";"769.6";"0.0";"94";"Ветер, дующий с юго-юго-востока";"3";"";"";"100%.";"Дымка. ";"Облака покрывали более половины неба в течение всего соответствующего периода.";"Облака покрывали более половины неба в течение всего соответствующего периода.";"";"-4.0";"Слоистые туманообразные или слоистые разорванные, либо те и другие, но не относящиеся к облакам плохой погоды.";"100%.";"200-300";"";"";"";"-5.4";"Осадков нет";"12";"";"";"";"";
"26.11.2017 18:00";"-4.1";"754.3";"769.6";"0.0";"88";"Ветер, дующий с юго-юго-востока";"3";"";"";"100%.";"Дымка. ";"Облака покрывали более половины неба в течение всего соответствующего периода.";"Облака покрывали более половины неба в течение всего соответствующего периода.";"";"";"Слоистые туманообразные или слоистые разорванные, либо те и другие, но не относящиеся к облакам плохой погоды.";"100%.";"300-600";"";"";"";"-5.8";"Осадков нет";"12";"";"";"";"";
"26.11.2017 15:00";"-4.2";"754.3";"769.6";"0.5";"87";"Ветер, дующий с юго-юго-востока";"2";"";"";"100%.";"Дымка. ";"Облака покрывали более половины неба в течение всего соответствующего периода.";"Облака покрывали более половины неба в течение всего соответствующего периода.";"";"";"Слоистые разорванные или кучевые разорванные облака плохой погоды, либо те и другие вместе (разорванно-дождевые); обычно расположены под слоистыми или слоисто-дождевыми облаками.";"100%.";"300-600";"";"";"4.0";"-6.1";"";"";"";"";"";"";
"26.11.2017 12:00";"-4.9";"753.8";"769.1";"0.0";"84";"Ветер, дующий с юга";"2";"";"";"100%.";" ";"";"";"";"";"Слоистые разорванные или кучевые разорванные облака плохой погоды, либо те и другие вместе (разорванно-дождевые); обычно расположены под слоистыми или слоисто-дождевыми облаками.";"100%.";"300-600";"";"";"10.0";"-7.2";"";"";"";"";"";"";
"26.11.2017 09:00";"-7.4";"753.8";"769.3";"0.2";"87";"Ветер, дующий с юго-юго-востока";"2";"";"";"100%.";"Дымка. ";"Облака покрывали более половины неба в течение всего соответствующего периода.";"Облака покрывали более половины неба в течение всего соответствующего периода.";"-7.4";"";"Слоистые разорванные или кучевые разорванные облака плохой погоды, либо те и другие вместе (разорванно-дождевые); обычно расположены под слоистыми или слоисто-дождевыми облаками.";"100%.";"300-600";"";"";"4.0";"-9.2";"Осадков нет";"12";"";"";"";"";
"26.11.2017 06:00";"-6.8";"753.6";"769.0";"0.5";"94";"Ветер, дующий с юго-юго-востока";"2";"";"";"100%.";"Дымка. ";"Облака покрывали более половины неба в течение всего соответствующего периода.";"Облака покрывали более половины неба в течение всего соответствующего периода.";"-6.8";"";"Слоисто-кучевые, образовавшиеся не из кучевых.";"100%.";"600-1000";"";"";"";"-7.6";"Осадков нет";"12";"";"";"";"";
"26.11.2017 03:00";"-6.2";"753.1";"768.5";"0.2";"94";"Ветер, дующий с юго-юго-востока";"3";"";"";"100%.";"Дымка. ";"Облака покрывали более половины неба в течение всего соответствующего периода.";"Облака покрывали более половины неба в течение всего соответствующего периода.";"";"";"Слоисто-кучевые, образовавшиеся не из кучевых.";"100%.";"600-1000";"";"";"";"-7.0";"";"";"";"";"";"";
"26.11.2017 00:00";"-5.6";"752.9";"768.2";"0.4";"90";"Ветер, дующий с юго-юго-востока";"2";"";"";"100%.";"Дымка. ";"Облака покрывали более половины неба в течение всего соответствующего периода.";"Облака покрывали более половины неба в течение всего соответствующего периода.";"";"";"Слоисто-кучевые, образовавшиеся не из кучевых.";"100%.";"1000-1500";"";"";"";"-7.0";"";"";"";"";"";"";
"25.11.2017 21:00";"-5.5";"752.5";"767.8";"0.6";"87";"Ветер, дующий с юго-юго-востока";"2";"";"";"100%.";" ";"";"";"";"-4.3";"Слоисто-кучевые, образовавшиеся не из кучевых.";"100%.";"600-1000";"";"";"";"-7.4";"Осадков нет";"12";"";"";"";"";
"25.11.2017 18:00";"-5.3";"751.9";"767.2";"0.3";"86";"Ветер, дующий с юго-востока";"1";"";"";"Облаков нет.";" ";"";"";"";"";"";"";"";"";"";"";"-7.3";"Осадков нет";"12";"";"";"";"";
"25.11.2017 15:00";"-4.8";"751.6";"766.8";"-0.3";"82";"Ветер, дующий с юго-юго-востока";"2";"";"";"70 – 80%.";" ";"";"";"";"";"Слоисто-кучевых, слоистых, кучевых или кучево-дождевых облаков нет.";"50%.";"2500 или более, или облаков нет.";"Высококучевые просвечивающие, расположенные на одном уровне.";"Перистые нитевидные, иногда когтевидные, не распространяющиеся по небу.";"10.0";"-7.4";"";"";"";"";"";"";
"25.11.2017 12:00";"-4.7";"751.9";"767.2";"-0.2";"83";"Ветер, дующий с юго-юго-востока";"1";"";"";"100%.";" ";"";"";"";"";"Слоисто-кучевые, образовавшиеся не из кучевых.";"100%.";"1000-1500";"";"";"10.0";"-7.2";"";"";"";"";"";"";
"25.11.2017 09:00";"-5.8";"752.1";"767.4";"-0.6";"86";"Штиль, безветрие";"0";"";"";"90  или более, но не 100%";" ";"";"";"-5.9";"";"Слоисто-кучевые, образовавшиеся не из кучевых.";"60%.";"1000-1500";"Высококучевые просвечивающие, расположенные на одном уровне.";"Перистых, перисто-кучевых или перисто-слоистых нет.";"10.0";"-7.8";"Осадков нет";"12";"";"";"";"";
"25.11.2017 06:00";"-5.5";"752.7";"768.0";"-0.1";"84";"Ветер, дующий с юго-юго-востока";"1";"";"";"100%.";"Дымка. ";"Облака покрывали более половины неба в течение всего соответствующего периода.";"Облака покрывали более половины неба в течение всего соответствующего периода.";"-5.7";"";"Слоистые туманообразные или слоистые разорванные, либо те и другие, но не относящиеся к облакам плохой погоды.";"100%.";"300-600";"";"";"";"-7.8";"Осадков нет";"12";"";"";"";"";
"25.11.2017 03:00";"-5.4";"752.8";"768.1";"-0.3";"87";"Ветер, дующий с юго-юго-запада";"1";"";"";"100%.";"Дымка. ";"Облака покрывали более половины неба в течение всего соответствующего периода.";"Облака покрывали более половины неба в течение всего соответствующего периода.";"";"";"Слоистые туманообразные или слоистые разорванные, либо те и другие, но не относящиеся к облакам плохой погоды.";"100%.";"300-600";"";"";"";"-7.2";"";"";"";"";"";"";
"25.11.2017 00:00";"-4.9";"753.1";"768.3";"-0.4";"87";"Штиль, безветрие";"0";"";"";"100%.";" ";"";"";"";"";"Слоистые туманообразные или слоистые разорванные, либо те и другие, но не относящиеся к облакам плохой погоды.";"100%.";"300-600";"";"";"";"-6.8";"";"";"";"";"";"";
"24.11.2017 21:00";"-4.3";"753.5";"768.8";"-0.5";"84";"Штиль, безветрие";"0";"";"";"100%.";" ";"";"";"";"-3.5";"Слоисто-кучевые, образовавшиеся не из кучевых.";"100%.";"600-1000";"";"";"";"-6.6";"Осадков нет";"12";"";"";"";"";
"24.11.2017 18:00";"-4.1";"754.0";"769.2";"0.2";"84";"Ветер, дующий с запада";"1";"";"";"100%.";" ";"";"";"";"";"Слоисто-кучевые, образовавшиеся не из кучевых.";"100%.";"600-1000";"";"";"";"-6.5";"Осадков нет";"12";"";"";"";"";
"24.11.2017 15:00";"-3.8";"753.8";"769.0";"-0.2";"79";"Штиль, безветрие";"0";"";"";"100%.";" ";"";"";"";"";"Слоисто-кучевых, слоистых, кучевых или кучево-дождевых облаков нет.";"100%.";"2500 или более, или облаков нет.";"Высококучевые, просвечивающие или плотные в двух или более слоях или высококучевые плотные в одном слое, не распространяющиеся но небу, либо высококучевые с высокослоистыми или слоисто-дождевыми.";"";"10.0";"-6.9";"";"";"";"";"";"";
"24.11.2017 12:00";"-4.0";"754.0";"769.2";"0.0";"80";"Ветер, дующий с востоко-юго-востока";"1";"";"";"100%.";" ";"";"";"";"";"Слоисто-кучевые, образовавшиеся не из кучевых.";"70 – 80%.";"1000-1500";"Высококучевые просвечивающие, полосами, либо один или несколько слоев высококучевых просвечивающих, распространяющихся по небу; эти высококучевые в целом уплотняются.";"";"10.0";"-7.0";"";"";"";"";"";"";
"24.11.2017 09:00";"-5.0";"754.0";"769.3";"0.4";"83";"Ветер, дующий с севера";"1";"";"";"100%.";" ";"";"";"-5.1";"";"Слоисто-кучевые, образовавшиеся не из кучевых.";"100%.";"600-1000";"";"";"10.0";"-7.4";"Осадков нет";"12";"";"";"";"";
"24.11.2017 06:00";"-5.0";"753.6";"768.9";"0.5";"83";"Ветер, дующий с востока";"1";"";"";"100%.";" ";"";"";"-5.1";"";"Слоисто-кучевые, образовавшиеся не из кучевых.";"100%.";"600-1000";"";"";"";"-7.5";"Следы осадков";"12";"";"";"";"";
"24.11.2017 03:00";"-4.9";"753.1";"768.4";"0.9";"81";"Ветер, дующий с востоко-северо-востока";"1";"";"";"100%.";" ";"";"";"";"";"Слоисто-кучевые, образовавшиеся не из кучевых.";"100%.";"600-1000";"";"";"";"-7.7";"";"";"";"";"";"";
"24.11.2017 00:00";"-4.5";"752.2";"767.5";"0.5";"79";"Ветер, дующий с северо-северо-запада";"2";"";"";"100%.";" ";"";"";"";"";"Слоисто-кучевые, образовавшиеся не из кучевых.";"100%.";"600-1000";"";"";"";"-7.7";"";"";"";"";"";"";
"23.11.2017 21:00";"-3.7";"751.7";"766.9";"0.7";"79";"Ветер, дующий с севера";"2";"";"";"90  или более, но не 100%";"Состояние неба в общем не изменилось. ";"Снег и/или другие виды твердых осадков";"Облака покрывали более половины неба в течение всего соответствующего периода.";"";"-2.7";"Слоисто-кучевые, образовавшиеся не из кучевых.";"90  или более, но не 100%";"600-1000";"Высококучевых, высокослоистых или слоисто-дождевых облаков нет.";"Перистых, перисто-кучевых или перисто-слоистых нет.";"";"-6.9";"Следы осадков";"12";"";"";"";"";
"23.11.2017 18:00";"-3.7";"751.0";"766.2";"1.6";"81";"Ветер, дующий с северо-северо-запада";"2";"";"";"100%.";"Снег с перерывами слабый в срок наблюдения. ";"Снег и/или другие виды твердых осадков";"Облака покрывали более половины неба в течение всего соответствующего периода.";"";"";"Слоисто-кучевые, образовавшиеся не из кучевых.";"100%.";"600-1000";"";"";"";"-6.6";"Следы осадков";"12";"";"";"";"";
"23.11.2017 15:00";"-3.3";"749.4";"764.5";"0.8";"78";"Ветер, дующий с северо-северо-запада";"3";"";"10";"100%.";" ";"";"";"";"";"Слоисто-кучевые, образовавшиеся не из кучевых.";"100%.";"600-1000";"";"";"10.0";"-6.6";"";"";"";"";"";"";
"23.11.2017 12:00";"-3.4";"748.6";"763.8";"1.0";"79";"Ветер, дующий с северо-запада";"3";"";"";"100%.";" ";"";"";"";"";"Слоисто-кучевые, образовавшиеся не из кучевых.";"70 – 80%.";"600-1000";"Высокослоистые непросвечивающие или слоисто-дождевые.";"";"10.0";"-6.6";"";"";"";"";"";"";
"23.11.2017 09:00";"-2.8";"747.6";"762.6";"1.2";"79";"Ветер, дующий с северо-северо-запада";"3";"";"";"100%.";" ";"";"";"-2.8";"";"Слоисто-кучевые, образовавшиеся не из кучевых.";"70 – 80%.";"600-1000";"Высокослоистые непросвечивающие или слоисто-дождевые.";"";"10.0";"-6.0";"Осадков нет";"12";"";"";"";"";
"23.11.2017 06:00";"-2.5";"746.4";"761.4";"1.2";"78";"Ветер, дующий с севера";"3";"";"12";"100%.";" ";"";"";"-2.6";"";"Слоисто-кучевых, слоистых, кучевых или кучево-дождевых облаков нет.";"100%.";"2500 или более, или облаков нет.";"Высокослоистые непросвечивающие или слоисто-дождевые.";"";"";"-5.8";"Следы осадков";"12";"";"";"";"";
"23.11.2017 03:00";"-2.5";"745.2";"760.2";"0.9";"74";"Ветер, дующий с северо-северо-запада";"3";"";"10";"100%.";" ";"";"";"";"";"Слоисто-кучевых, слоистых, кучевых или кучево-дождевых облаков нет.";"100%.";"2500 или более, или облаков нет.";"Высокослоистые непросвечивающие или слоисто-дождевые.";"";"";"-6.5";"";"";"";"";"";"";
"23.11.2017 00:00";"-1.9";"744.3";"759.2";"0.5";"73";"Ветер, дующий с северо-северо-запада";"3";"";"12";"100%.";" ";"";"";"";"";"Слоисто-кучевые, образовавшиеся не из кучевых.";"20–30%.";"1000-1500";"Высокослоистые непросвечивающие или слоисто-дождевые.";"";"";"-6.2";"";"";"";"";"";"";
"22.11.2017 21:00";"-1.7";"743.8";"758.8";"0.8";"74";"Ветер, дующий с севера";"4";"";"11";"100%.";"Состояние неба в общем не изменилось. ";"Снег и/или другие виды твердых осадков";"Облака покрывали более половины неба в течение всего соответствующего периода.";"";"-0.4";"Слоисто-кучевые, образовавшиеся не из кучевых.";"20–30%.";"1000-1500";"Высокослоистые непросвечивающие или слоисто-дождевые.";"";"";"-5.7";"Следы осадков";"12";"";"";"";"";
"22.11.2017 18:00";"-1.3";"743.0";"757.9";"1.0";"76";"Ветер, дующий с северо-северо-запада";"4";"";"";"100%.";"Состояние неба в общем не изменилось. ";"Снег и/или другие виды твердых осадков";"Облака покрывали более половины неба в течение всего соответствующего периода.";"";"";"Слоисто-кучевые, образовавшиеся не из кучевых.";"70 – 80%.";"600-1000";"Высокослоистые непросвечивающие или слоисто-дождевые.";"";"";"-5.0";"Следы осадков";"12";"";"";"";"";
"22.11.2017 15:00";"-0.9";"742.0";"756.8";"0.7";"80";"Ветер, дующий с северо-северо-запада";"3";"";"10";"100%.";"Снег непрерывный слабый в срок наблюдения. ";"Снег и/или другие виды твердых осадков";"Облака покрывали более половины неба в течение всего соответствующего периода.";"";"";"Слоисто-кучевые, образовавшиеся не из кучевых.";"100%.";"600-1000";"";"";"4.0";"-3.9";"";"";"";"";"";"";
"22.11.2017 12:00";"-0.5";"741.3";"756.1";"0.5";"85";"Ветер, дующий с северо-северо-запада";"3";"";"";"100%.";"Снег неливневый. ";"Снег и/или другие виды твердых осадков";"Облака покрывали более половины неба в течение всего соответствующего периода.";"";"";"Слоисто-кучевые, образовавшиеся не из кучевых.";"100%.";"300-600";"";"";"4.0";"-2.8";"";"";"";"";"";"";
"22.11.2017 09:00";"-0.4";"740.8";"755.6";"-0.3";"86";"Ветер, дующий с северо-северо-запада";"2";"";"";"100%.";"Дымка. ";"Облака покрывали более половины неба в течение всего соответствующего периода.";"Облака покрывали более половины неба в течение всего соответствующего периода.";"-0.5";"";"Слоистые разорванные или кучевые разорванные облака плохой погоды, либо те и другие вместе (разорванно-дождевые); обычно расположены под слоистыми или слоисто-дождевыми облаками.";"100%.";"300-600";"";"";"4.0";"-2.5";"Осадков нет";"12";"";"";"Ровный слой слежавшегося или мокрого снега покрывает поверхность почвы полностью.";"1.0";
"22.11.2017 06:00";"-0.3";"741.1";"755.8";"0.3";"88";"Ветер, дующий с северо-северо-запада";"2";"";"";"100%.";"Дымка. ";"Облака покрывали более половины неба в течение всего соответствующего периода.";"Облака покрывали более половины неба в течение всего соответствующего периода.";"-0.3";"";"Слоистые разорванные или кучевые разорванные облака плохой погоды, либо те и другие вместе (разорванно-дождевые); обычно расположены под слоистыми или слоисто-дождевыми облаками.";"100%.";"300-600";"";"";"";"-2.1";"Осадков нет";"12";"";"";"";"";
"22.11.2017 03:00";"-0.1";"740.8";"755.6";"-0.2";"89";"Ветер, дующий с севера";"2";"";"";"100%.";"Дымка. ";"Облака покрывали более половины неба в течение всего соответствующего периода.";"Облака покрывали более половины неба в течение всего соответствующего периода.";"";"";"Слоисто-кучевые, образовавшиеся не из кучевых.";"100%.";"300-600";"";"";"";"-1.7";"";"";"";"";"";"";
"22.11.2017 00:00";"-0.1";"741.0";"755.8";"0.3";"91";"Ветер, дующий с северо-северо-запада";"1";"";"";"100%.";"Дымка. ";"Облака покрывали более половины неба в течение всего соответствующего периода.";"Облака покрывали более половины неба в течение всего соответствующего периода.";"";"";"Слоистые разорванные или кучевые разорванные облака плохой погоды, либо те и другие вместе (разорванно-дождевые); обычно расположены под слоистыми или слоисто-дождевыми облаками.";"100%.";"300-600";"";"";"";"-1.4";"";"";"";"";"";"";
"21.11.2017 21:00";"0.1";"740.7";"755.4";"-0.1";"88";"Ветер, дующий с севера";"2";"";"";"100%.";"Дымка. ";"Дождь со снегом или другими видами твердых осадков";"Облака покрывали более половины неба в течение всего соответствующего периода.";"";"0.3";"Слоистые разорванные или кучевые разорванные облака плохой погоды, либо те и другие вместе (разорванно-дождевые); обычно расположены под слоистыми или слоисто-дождевыми облаками.";"100%.";"300-600";"";"";"";"-1.6";"0.4";"12";"";"";"";"";
"21.11.2017 18:00";"0.2";"740.8";"755.5";"0.0";"89";"Ветер, дующий с севера";"2";"";"";"100%.";"Снег неливневый. ";"Дождь со снегом или другими видами твердых осадков";"Облака покрывали более половины неба в течение всего соответствующего периода.";"";"";"Слоистые разорванные или кучевые разорванные облака плохой погоды, либо те и другие вместе (разорванно-дождевые); обычно расположены под слоистыми или слоисто-дождевыми облаками.";"100%.";"300-600";"";"";"";"-1.5";"1.0";"12";"";"";"";"";
"21.11.2017 15:00";"0.2";"740.8";"755.5";"0.3";"89";"Ветер, дующий с севера";"1";"";"";"100%.";"Снег непрерывный слабый в срок наблюдения. ";"Дождь со снегом или другими видами твердых осадков";"Облака покрывали более половины неба в течение всего соответствующего периода.";"";"";"Слоистые разорванные или кучевые разорванные облака плохой погоды, либо те и другие вместе (разорванно-дождевые); обычно расположены под слоистыми или слоисто-дождевыми облаками.";"100%.";"300-600";"";"";"4.0";"-1.4";"";"";"";"";"";"";
"21.11.2017 12:00";"0.2";"740.5";"755.2";"-0.4";"88";"Ветер, дующий с севера";"2";"";"";"100%.";"Снег непрерывный слабый в срок наблюдения. ";"Дождь со снегом или другими видами твердых осадков";"Облака покрывали более половины неба в течение всего соответствующего периода.";"";"";"Слоистые разорванные или кучевые разорванные облака плохой погоды, либо те и другие вместе (разорванно-дождевые); обычно расположены под слоистыми или слоисто-дождевыми облаками.";"100%.";"300-600";"";"";"4.0";"-1.6";"";"";"";"";"";"";
"21.11.2017 09:00";"-0.1";"740.9";"755.7";"-0.4";"90";"Ветер, дующий с севера";"2";"";"";"100%.";"Дымка. ";"Снег и/или другие виды твердых осадков";"Облака покрывали более половины неба в течение всего соответствующего периода.";"-0.3";"";"Слоистые разорванные или кучевые разорванные облака плохой погоды, либо те и другие вместе (разорванно-дождевые); обычно расположены под слоистыми или слоисто-дождевыми облаками.";"100%.";"300-600";"";"";"4.0";"-1.6";"1.0";"12";"";"";"Ровный слой слежавшегося или мокрого снега покрывает поверхность почвы полностью.";"1.0";
"21.11.2017 06:00";"-0.2";"741.3";"756.1";"-1.4";"92";"Ветер, дующий с северо-северо-востока";"2";"";"";"100%.";"Снег непрерывный слабый в срок наблюдения. ";"Снег и/или другие виды твердых осадков";"Облака покрывали более половины неба в течение всего соответствующего периода.";"-0.2";"";"Слоисто-кучевые, образовавшиеся не из кучевых.";"70 – 80%.";"600-1000";"Высокослоистые непросвечивающие или слоисто-дождевые.";"";"";"-1.3";"0.3";"12";"";"";"";"";
"21.11.2017 03:00";"0.6";"742.7";"757.5";"-1.0";"85";"Ветер, дующий с северо-северо-востока";"1";"";"";"100%.";" ";"";"";"";"";"Слоисто-кучевые, образовавшиеся не из кучевых.";"100%.";"1000-1500";"";"";"";"-1.7";"";"";"";"";"";"";
"21.11.2017 00:00";"0.9";"743.7";"758.4";"-1.0";"82";"Ветер, дующий с востока";"1";"";"";"100%.";" ";"";"";"";"";"Слоисто-кучевые, образовавшиеся не из кучевых.";"100%.";"1000-1500";"";"";"";"-1.9";"";"";"";"";"";"";
"20.11.2017 21:00";"1.5";"744.7";"759.4";"-0.3";"83";"Штиль, безветрие";"0";"";"";"100%.";" ";"";"";"";"2.6";"Слоисто-кучевые, образовавшиеся не из кучевых.";"100%.";"600-1000";"";"";"";"-1.1";"Осадков нет";"12";"";"";"";"";
"20.11.2017 18:00";"1.6";"745.0";"759.7";"0.2";"81";"Штиль, безветрие";"0";"";"";"100%.";" ";"";"";"";"";"Слоисто-кучевые, образовавшиеся не из кучевых.";"100%.";"1000-1500";"";"";"";"-1.4";"Осадков нет";"12";"";"";"";"";
"20.11.2017 15:00";"2.3";"744.8";"759.5";"0.3";"77";"Ветер, дующий с западо-юго-запада";"1";"";"";"100%.";" ";"";"";"";"";"Слоисто-кучевые, образовавшиеся не из кучевых.";"100%.";"1000-1500";"";"";"10.0";"-1.4";"";"";"";"";"";"";
"20.11.2017 12:00";"2.2";"744.5";"759.2";"1.0";"79";"Ветер, дующий с юго-запада";"1";"";"";"100%.";" ";"";"";"";"";"Слоисто-кучевые, образовавшиеся не из кучевых.";"50%.";"1000-1500";"Высококучевые просвечивающие, расположенные на одном уровне.";"Перистые нитевидные, иногда когтевидные, не распространяющиеся по небу.";"10.0";"-1.1";"";"";"";"";"";"";
"20.11.2017 09:00";"1.5";"743.5";"758.2";"1.2";"78";"Ветер, дующий с западо-юго-запада";"1";"";"";"100%.";" ";"";"";"0.4";"";"Слоисто-кучевые, образовавшиеся не из кучевых.";"100%.";"600-1000";"";"";"10.0";"-1.9";"2.0";"12";"";"";"";"";
"20.11.2017 06:00";"1.3";"742.3";"757.0";"1.0";"85";"Ветер, дующий с запада";"1";"";"";"100%.";"Дымка. ";"Облака покрывали более половины неба в течение всего соответствующего периода.";"Облака покрывали более половины неба в течение всего соответствующего периода.";"0.4";"";"Слоистые разорванные или кучевые разорванные облака плохой погоды, либо те и другие вместе (разорванно-дождевые); обычно расположены под слоистыми или слоисто-дождевыми облаками.";"100%.";"200-300";"";"";"";"-0.9";"4.0";"12";"";"";"";"";
"20.11.2017 03:00";"1.2";"741.3";"755.9";"0.0";"95";"Ветер, дующий с юго-юго-запада";"1";"";"";"100%.";"Дымка. ";"Дождь со снегом или другими видами твердых осадков";"Облака покрывали более половины неба в течение всего соответствующего периода.";"";"";"Слоистые разорванные или кучевые разорванные облака плохой погоды, либо те и другие вместе (разорванно-дождевые); обычно расположены под слоистыми или слоисто-дождевыми облаками.";"100%.";"200-300";"";"";"";"0.5";"";"";"";"";"";"";
"20.11.2017 00:00";"0.6";"741.3";"756.0";"-0.1";"97";"Ветер, дующий с юго-юго-востока";"1";"";"";"100%.";"Снег непрерывный слабый в срок наблюдения. ";"Дождь со снегом или другими видами твердых осадков";"Облака покрывали более половины неба в течение всего соответствующего периода.";"";"";"Слоистые разорванные или кучевые разорванные облака плохой погоды, либо те и другие вместе (разорванно-дождевые); обычно расположены под слоистыми или слоисто-дождевыми облаками.";"100%.";"200-300";"Высокослоистые непросвечивающие или слоисто-дождевые.";"";"";"0.2";"";"";"";"";"";"";
"19.11.2017 21:00";"0.7";"741.4";"756.1";"-0.8";"96";"Ветер, дующий с юго-юго-востока";"1";"";"";"100%.";"Снег непрерывный слабый в срок наблюдения. ";"Дождь со снегом или другими видами твердых осадков";"Дождь.";"";"2.0";"Слоистые разорванные или кучевые разорванные облака плохой погоды, либо те и другие вместе (разорванно-дождевые); обычно расположены под слоистыми или слоисто-дождевыми облаками.";"100%.";"200-300";"Высокослоистые непросвечивающие или слоисто-дождевые.";"";"";"0.1";"5.0";"12";"";"";"";"";
"19.11.2017 18:00";"1.4";"742.2";"756.9";"-0.5";"93";"Ветер, дующий с юго-юго-востока";"1";"";"";"100%.";"Дождь незамерзающий непрерывный умеренный в срок наблюдения. ";"Дождь.";"Облака покрывали более половины неба в течение всего соответствующего периода.";"";"";"Слоистые разорванные или кучевые разорванные облака плохой погоды, либо те и другие вместе (разорванно-дождевые); обычно расположены под слоистыми или слоисто-дождевыми облаками.";"100%.";"300-600";"Высокослоистые непросвечивающие или слоисто-дождевые.";"";"";"0.4";"4.0";"12";"";"";"";"";
"19.11.2017 15:00";"1.9";"742.7";"757.4";"-0.8";"91";"Ветер, дующий с юга";"1";"";"";"100%.";"Дождь незамерзающий непрерывный слабый в срок наблюдения. ";"Дождь со снегом или другими видами твердых осадков";"Дождь.";"";"";"Слоистые разорванные или кучевые разорванные облака плохой погоды, либо те и другие вместе (разорванно-дождевые); обычно расположены под слоистыми или слоисто-дождевыми облаками.";"100%.";"200-300";"Высокослоистые непросвечивающие или слоисто-дождевые.";"";"4.0";"0.6";"";"";"";"";"";"";
"19.11.2017 12:00";"1.6";"743.5";"758.2";"-0.5";"93";"Ветер, дующий с юго-юго-востока";"1";"";"";"100%.";"Снег непрерывный слабый в срок наблюдения. ";"Дождь со снегом или другими видами твердых осадков";"Дождь.";"";"";"Слоистые разорванные или кучевые разорванные облака плохой погоды, либо те и другие вместе (разорванно-дождевые); обычно расположены под слоистыми или слоисто-дождевыми облаками.";"100%.";"200-300";"Высокослоистые непросвечивающие или слоисто-дождевые.";"";"4.0";"0.5";"";"";"";"";"";"";
"19.11.2017 09:00";"1.2";"744.0";"758.7";"-0.6";"93";"Ветер, дующий с юга";"1";"";"";"100%.";"Дождь незамерзающий непрерывный слабый в срок наблюдения. ";"Дождь.";"Облака покрывали более половины неба в течение всего соответствующего периода.";"1.0";"";"Слоистые разорванные или кучевые разорванные облака плохой погоды, либо те и другие вместе (разорванно-дождевые); обычно расположены под слоистыми или слоисто-дождевыми облаками.";"100%.";"200-300";"Высокослоистые непросвечивающие или слоисто-дождевые.";"";"4.0";"0.2";"2.0";"12";"";"";"";"";
"19.11.2017 06:00";"1.0";"744.6";"759.4";"-1.3";"94";"Ветер, дующий с юго-юго-востока";"1";"";"";"100%.";"Дождь незамерзающий непрерывный слабый в срок наблюдения. ";"Дождь.";"Облака покрывали более половины неба в течение всего соответствующего периода.";"1.0";"";"Слоистые разорванные или кучевые разорванные облака плохой погоды, либо те и другие вместе (разорванно-дождевые); обычно расположены под слоистыми или слоисто-дождевыми облаками.";"100%.";"200-300";"Высокослоистые непросвечивающие или слоисто-дождевые.";"";"";"0.2";"0.9";"12";"";"";"";"";
"19.11.2017 03:00";"2.1";"745.9";"760.6";"-0.9";"87";"Ветер, дующий с юго-юго-востока";"1";"";"";"100%.";"Дождь незамерзающий непрерывный слабый в срок наблюдения. ";"Дождь.";"Облака покрывали более половины неба в течение всего соответствующего периода.";"";"";"Слоистые разорванные или кучевые разорванные облака плохой погоды, либо те и другие вместе (разорванно-дождевые); обычно расположены под слоистыми или слоисто-дождевыми облаками.";"100%.";"300-600";"";"";"";"0.1";"";"";"";"";"";"";
"19.11.2017 00:00";"2.4";"746.8";"761.5";"-0.6";"80";"Ветер, дующий с юга";"1";"";"";"100%.";" ";"";"";"";"";"Слоисто-кучевые, образовавшиеся не из кучевых.";"100%.";"600-1000";"";"";"";"-0.8";"";"";"";"";"";"";
"18.11.2017 21:00";"2.4";"747.4";"762.1";"-0.6";"72";"Ветер, дующий с юго-запада";"1";"";"";"100%.";" ";"";"";"";"3.0";"Слоисто-кучевые, образовавшиеся не из кучевых.";"100%.";"600-1000";"";"";"";"-2.1";"Осадков нет";"12";"";"";"";"";
"18.11.2017 18:00";"2.1";"748.0";"762.8";"-0.3";"69";"Ветер, дующий с юго-юго-запада";"1";"";"";"100%.";" ";"";"";"";"";"Слоисто-кучевые, образовавшиеся не из кучевых.";"100%.";"600-1000";"";"";"";"-3.0";"Осадков нет";"12";"";"";"";"";
"18.11.2017 15:00";"2.6";"748.3";"763.0";"-0.6";"67";"Ветер, дующий с западо-юго-запада";"1";"";"";"100%.";" ";"";"";"";"";"Слоисто-кучевые, образовавшиеся не из кучевых.";"100%.";"600-1000";"";"";"10.0";"-2.9";"";"";"";"";"";"";
"18.11.2017 12:00";"2.8";"748.9";"763.7";"0.3";"70";"Ветер, дующий с запада";"2";"";"";"100%.";" ";"";"";"";"";"Слоисто-кучевые, образовавшиеся не из кучевых.";"100%.";"600-1000";"";"";"10.0";"-2.1";"";"";"";"";"";"";
"18.11.2017 09:00";"2.3";"748.6";"763.3";"0.6";"86";"Ветер, дующий с западо-юго-запада";"1";"";"";"100%.";"Дымка. ";"Дождь.";"Облака покрывали более половины неба в течение всего соответствующего периода.";"2.0";"";"Слоистые разорванные или кучевые разорванные облака плохой погоды, либо те и другие вместе (разорванно-дождевые); обычно расположены под слоистыми или слоисто-дождевыми облаками.";"100%.";"300-600";"";"";"4.0";"0.2";"Следы осадков";"12";"";"";"";"";
"18.11.2017 06:00";"2.3";"748.0";"762.8";"0.0";"86";"Ветер, дующий с запада";"1";"";"";"100%.";"Дождь (незамерзающий) неливневый. ";"Дождь.";"Облака покрывали более половины неба в течение всего соответствующего периода.";"2.0";"";"Слоистые разорванные или кучевые разорванные облака плохой погоды, либо те и другие вместе (разорванно-дождевые); обычно расположены под слоистыми или слоисто-дождевыми облаками.";"100%.";"300-600";"";"";"";"0.1";"Следы осадков";"12";"";"";"";"";
"18.11.2017 03:00";"2.5";"748.0";"762.8";"-0.5";"80";"Ветер, дующий с западо-юго-запада";"2";"";"";"100%.";" ";"";"";"";"";"Слоисто-кучевые, образовавшиеся не из кучевых.";"100%.";"1000-1500";"";"";"";"-0.7";"";"";"";"";"";"";
"18.11.2017 00:00";"2.2";"748.5";"763.3";"-0.7";"77";"Ветер, дующий с юго-запада";"1";"";"";"100%.";" ";"";"";"";"";"Слоисто-кучевые, образовавшиеся не из кучевых.";"100%.";"1000-1500";"";"";"";"-1.4";"";"";"";"";"";"";
"17.11.2017 21:00";"2.2";"749.2";"763.9";"-1.4";"75";"Ветер, дующий с юго-юго-запада";"2";"";"";"100%.";" ";"";"";"";"2.2";"Слоисто-кучевые, образовавшиеся не из кучевых.";"100%.";"1000-1500";"";"";"";"-1.8";"Осадков нет";"12";"";"";"";"";
"17.11.2017 18:00";"1.0";"750.6";"765.4";"-1.0";"81";"Ветер, дующий с юго-юго-запада";"1";"";"";"70 – 80%.";" ";"";"";"";"";"Слоисто-кучевые, образовавшиеся не из кучевых.";"70 – 80%.";"600-1000";"Высококучевых, высокослоистых или слоисто-дождевых облаков нет.";"Перистых, перисто-кучевых или перисто-слоистых нет.";"";"-2.0";"Осадков нет";"12";"";"";"";"";
"17.11.2017 15:00";"1.6";"751.6";"766.5";"-0.4";"77";"Ветер, дующий с западо-юго-запада";"2";"";"";"100%.";" ";"";"";"";"";"Слоисто-кучевые, образовавшиеся не из кучевых.";"100%.";"600-1000";"";"";"10.0";"-2.1";"";"";"";"";"";"";
"17.11.2017 12:00";"2.0";"752.0";"766.9";"0.0";"78";"Ветер, дующий с западо-юго-запада";"1";"";"";"90  или более, но не 100%";" ";"";"";"";"";"Слоисто-кучевые, образовавшиеся не из кучевых.";"90  или более, но не 100%";"600-1000";"Высококучевых, высокослоистых или слоисто-дождевых облаков нет.";"Перистых, перисто-кучевых или перисто-слоистых нет.";"10.0";"-1.5";"";"";"";"";"";"";
"17.11.2017 09:00";"1.5";"752.0";"766.9";"0.5";"87";"Ветер, дующий с запада";"1";"";"";"100%.";"Дымка. ";"Ливень (ливни).";"Облака покрывали более половины неба в течение всего соответствующего периода.";"1.1";"";"Слоисто-кучевые, образовавшиеся не из кучевых.";"100%.";"600-1000";"";"";"4.0";"-0.4";"0.3";"12";"";"";"";"";
"17.11.2017 06:00";"1.7";"751.5";"766.3";"0.6";"91";"Ветер, дующий с запада";"1";"";"";"100%.";"Дымка. ";"Ливень (ливни).";"Облака покрывали более половины неба в течение всего соответствующего периода.";"1.1";"";"Слоисто-кучевые, образовавшиеся не из кучевых.";"100%.";"600-1000";"";"";"";"0.4";"1.0";"12";"";"";"";"";
"17.11.2017 03:00";"1.3";"750.9";"765.7";"1.4";"88";"Ветер, дующий с запада";"1";"";"";"100%.";"Ливневый снег слабый в срок наблюдения или за последний час. ";"Ливень (ливни).";"Дождь.";"";"";"Кучево-дождевые лысые с кучевыми, слоисто-кучевыми или слоистыми, либо без них.";"100%.";"600-1000";"";"";"";"-0.5";"";"";"";"";"";"";
"17.11.2017 00:00";"2.2";"749.5";"764.3";"1.1";"92";"Ветер, дующий с западо-северо-запада";"2";"";"";"100%.";"Дымка. ";"Дождь.";"Облака покрывали более половины неба в течение всего соответствующего периода.";"";"";"Слоистые разорванные или кучевые разорванные облака плохой погоды, либо те и другие вместе (разорванно-дождевые); обычно расположены под слоистыми или слоисто-дождевыми облаками.";"100%.";"300-600";"";"";"";"1.0";"";"";"";"";"";"";
"16.11.2017 21:00";"2.0";"748.4";"763.2";"1.5";"93";"Ветер, дующий с западо-северо-запада";"1";"";"";"100%.";"Дождь незамерзающий непрерывный слабый в срок наблюдения. ";"Ливень (ливни).";"Дождь.";"";"3.6";"Слоистые разорванные или кучевые разорванные облака плохой погоды, либо те и другие вместе (разорванно-дождевые); обычно расположены под слоистыми или слоисто-дождевыми облаками.";"100%.";"300-600";"Высокослоистые непросвечивающие или слоисто-дождевые.";"";"";"0.9";"4.0";"12";"";"";"";"";
"16.11.2017 18:00";"2.8";"746.9";"761.6";"1.1";"90";"Ветер, дующий с запада";"1";"";"";"100%.";"Дождь незамерзающий непрерывный слабый в срок наблюдения. ";"Ливень (ливни).";"Дождь.";"";"";"Слоистые разорванные или кучевые разорванные облака плохой погоды, либо те и другие вместе (разорванно-дождевые); обычно расположены под слоистыми или слоисто-дождевыми облаками.";"100%.";"300-600";"Высокослоистые непросвечивающие или слоисто-дождевые.";"";"";"1.3";"3.0";"12";"";"";"";"";
"16.11.2017 15:00";"3.0";"745.8";"760.4";"0.7";"91";"Ветер, дующий с запада";"1";"";"";"100%.";"Ливневый(ые) дождь(и) слабый(ые) в срок наблюдения или за последний час. ";"Ливень (ливни).";"Дождь.";"";"";"Кучево-дождевые лысые с кучевыми, слоисто-кучевыми или слоистыми, либо без них.";"100%.";"300-600";"";"";"4.0";"1.6";"";"";"";"";"";"";
"16.11.2017 12:00";"3.0";"745.1";"759.7";"-0.6";"91";"Ветер, дующий с запада";"2";"";"";"100%.";"Дождь (незамерзающий) неливневый. ";"Дождь.";"Облака покрывали более половины неба в течение всего соответствующего периода.";"";"";"Слоистые разорванные или кучевые разорванные облака плохой погоды, либо те и другие вместе (разорванно-дождевые); обычно расположены под слоистыми или слоисто-дождевыми облаками.";"100%.";"300-600";"Высокослоистые непросвечивающие или слоисто-дождевые.";"";"4.0";"1.7";"";"";"";"";"";"";
"16.11.2017 09:00";"2.6";"745.7";"760.3";"-1.2";"92";"Ветер, дующий с юго-запада";"1";"";"";"100%.";"Дождь незамерзающий непрерывный слабый в срок наблюдения. ";"Дождь.";"Облака покрывали более половины неба в течение всего соответствующего периода.";"1.2";"";"Слоистые разорванные или кучевые разорванные облака плохой погоды, либо те и другие вместе (разорванно-дождевые); обычно расположены под слоистыми или слоисто-дождевыми облаками.";"100%.";"300-600";"";"";"4.0";"1.4";"1.0";"12";"";"";"";"";
"16.11.2017 06:00";"2.5";"746.9";"761.6";"-0.9";"88";"Ветер, дующий с западо-юго-запада";"1";"";"";"100%.";"Дымка. ";"Облака покрывали более половины неба в течение всего соответствующего периода.";"Облака покрывали более половины неба в течение всего соответствующего периода.";"1.1";"";"Слоистые разорванные или кучевые разорванные облака плохой погоды, либо те и другие вместе (разорванно-дождевые); обычно расположены под слоистыми или слоисто-дождевыми облаками.";"100%.";"300-600";"";"";"";"0.7";"1.0";"12";"";"";"";"";
"16.11.2017 03:00";"1.8";"747.8";"762.6";"-0.6";"92";"Ветер, дующий с запада";"2";"";"";"50%.";"Дымка. ";"Дождь со снегом или другими видами твердых осадков";"Облака покрывали более половины неба в течение одной части соответствующего периода и половину или менее в течение другой части периода.";"";"";"Слоисто-кучевые, образовавшиеся не из кучевых.";"50%.";"600-1000";"Высококучевых, высокослоистых или слоисто-дождевых облаков нет.";"Перистых, перисто-кучевых или перисто-слоистых нет.";"";"0.6";"";"";"";"";"";"";
"16.11.2017 00:00";"1.7";"748.4";"763.2";"-0.6";"91";"Ветер, дующий с западо-юго-запада";"1";"";"";"100%.";"Снег непрерывный слабый в срок наблюдения. ";"Дождь со снегом или другими видами твердых осадков";"Облака покрывали более половины неба в течение всего соответствующего периода.";"";"";"Слоистые разорванные или кучевые разорванные облака плохой погоды, либо те и другие вместе (разорванно-дождевые); обычно расположены под слоистыми или слоисто-дождевыми облаками.";"100%.";"300-600";"";"";"";"0.3";"";"";"";"";"";"";
"15.11.2017 21:00";"1.2";"749.0";"763.9";"-0.5";"92";"Ветер, дующий с западо-юго-запада";"1";"";"";"100%.";"Снег непрерывный слабый в срок наблюдения. ";"Ливень (ливни).";"Дождь со снегом или другими видами твердых осадков";"";"2.2";"Слоистые разорванные или кучевые разорванные облака плохой погоды, либо те и другие вместе (разорванно-дождевые); обычно расположены под слоистыми или слоисто-дождевыми облаками.";"100%.";"300-600";"";"";"";"0.1";"0.9";"12";"";"";"";"";
"15.11.2017 18:00";"1.6";"749.5";"764.4";"-0.6";"86";"Ветер, дующий с юго-запада";"1";"";"";"100%.";"Снег непрерывный слабый в срок наблюдения. ";"Ливень (ливни).";"Дождь со снегом или другими видами твердых осадков";"";"";"Слоистые разорванные или кучевые разорванные облака плохой погоды, либо те и другие вместе (разорванно-дождевые); обычно расположены под слоистыми или слоисто-дождевыми облаками.";"100%.";"300-600";"";"";"";"-0.5";"0.4";"12";"";"";"";"";
"15.11.2017 15:00";"1.8";"750.1";"765.0";"-0.2";"83";"Ветер, дующий с западо-юго-запада";"1";"";"";"100%.";"Ливневый снег слабый в срок наблюдения или за последний час. ";"Ливень (ливни).";"Облака покрывали более половины неба в течение всего соответствующего периода.";"";"";"Кучево-дождевые волокнистые (часто с наковальней), либо с кучево-дождевыми лысыми, кучевыми, слоистыми, разорванно-дождевыми, либо без них.";"100%.";"300-600";"";"";"4.0";"-0.8";"";"";"";"";"";"";
"15.11.2017 12:00";"2.1";"750.3";"765.1";"0.3";"80";"Ветер, дующий с запада";"1";"";"";"100%.";" ";"";"";"";"";"Слоисто-кучевые, образовавшиеся не из кучевых.";"100%.";"600-1000";"";"";"10.0";"-1.1";"";"";"";"";"";"";
"15.11.2017 09:00";"1.0";"750.0";"764.8";"0.7";"89";"Ветер, дующий с западо-юго-запада";"1";"";"";"100%.";"Дымка. ";"Облака покрывали более половины неба в течение всего соответствующего периода.";"Облака покрывали более половины неба в течение всего соответствующего периода.";"0.5";"";"Слоистые разорванные или кучевые разорванные облака плохой погоды, либо те и другие вместе (разорванно-дождевые); обычно расположены под слоистыми или слоисто-дождевыми облаками.";"100%.";"300-600";"";"";"4.0";"-0.7";"Осадков нет";"12";"";"";"Слежавшийся или мокрый снег (со льдом или без него), покрывающий по крайней мере половину поверхности почвы, но почва не покрыта полностью.";"1.0";
"15.11.2017 06:00";"0.9";"749.3";"764.2";"0.3";"89";"Ветер, дующий с западо-юго-запада";"1";"";"";"100%.";"Дымка. ";"Облака покрывали более половины неба в течение всего соответствующего периода.";"Облака покрывали более половины неба в течение всего соответствующего периода.";"0.8";"";"Слоисто-кучевые, образовавшиеся не из кучевых.";"100%.";"600-1000";"";"";"";"-0.8";"Осадков нет";"12";"";"";"";"";
"15.11.2017 03:00";"1.0";"749.0";"763.9";"1.3";"89";"Ветер, дующий с запада";"1";"";"";"100%.";"Дымка. ";"Облака покрывали более половины неба в течение всего соответствующего периода.";"Облака покрывали более половины неба в течение всего соответствующего периода.";"";"";"Слоисто-кучевые, образовавшиеся не из кучевых.";"100%.";"600-1000";"";"";"";"-0.7";"";"";"";"";"";"";
"15.11.2017 00:00";"1.2";"747.7";"762.5";"1.8";"82";"Ветер, дующий с запада";"1";"";"";"100%.";" ";"";"";"";"";"Слоисто-кучевые, образовавшиеся не из кучевых.";"100%.";"600-1000";"";"";"";"-1.6";"";"";"";"";"";"";
"14.11.2017 21:00";"1.5";"745.9";"760.6";"2.8";"89";"Ветер, дующий с запада";"1";"";"";"100%.";"Дымка. ";"Дождь со снегом или другими видами твердых осадков";"Дождь.";"";"2.6";"Слоистые разорванные или кучевые разорванные облака плохой погоды, либо те и другие вместе (разорванно-дождевые); обычно расположены под слоистыми или слоисто-дождевыми облаками.";"100%.";"300-600";"";"";"";"-0.2";"7.0";"12";"";"";"";"";
"14.11.2017 18:00";"1.1";"743.1";"757.8";"3.3";"92";"Ветер, дующий с западо-северо-запада";"2";"";"";"100%.";"Снег неливневый. ";"Дождь со снегом или другими видами твердых осадков";"Дождь.";"";"";"Слоистые разорванные или кучевые разорванные облака плохой погоды, либо те и другие вместе (разорванно-дождевые); обычно расположены под слоистыми или слоисто-дождевыми облаками.";"100%.";"300-600";"";"";"";"0.0";"13.0";"12";"";"";"";"";
"14.11.2017 15:00";"0.8";"739.8";"754.5";"0.9";"97";"Ветер, дующий с запада";"1";"";"";"100%.";"Дождь или морось со снегом слабые. ";"Ливень (ливни).";"Дождь со снегом или другими видами твердых осадков";"";"";"Слоистые разорванные или кучевые разорванные облака плохой погоды, либо те и другие вместе (разорванно-дождевые); обычно расположены под слоистыми или слоисто-дождевыми облаками.";"100%.";"200-300";"Высокослоистые непросвечивающие или слоисто-дождевые.";"";"4.0";"0.3";"";"";"";"";"";"";
"14.11.2017 12:00";"2.6";"738.9";"753.4";"-0.7";"97";"Ветер, дующий с запада";"1";"";"";"100%.";"Дождь незамерзающий непрерывный слабый в срок наблюдения. ";"Ливень (ливни).";"Дождь.";"";"";"Слоистые разорванные или кучевые разорванные облака плохой погоды, либо те и другие вместе (разорванно-дождевые); обычно расположены под слоистыми или слоисто-дождевыми облаками.";"100%.";"300-600";"Высокослоистые непросвечивающие или слоисто-дождевые.";"";"4.0";"2.1";"";"";"";"";"";"";
"14.11.2017 09:00";"1.0";"739.6";"754.3";"-2.1";"97";"Ветер, дующий с юго-юго-востока";"1";"";"";"100%.";"Ливневый снег умеренный или сильный в срок наблюдения или за последний час. ";"Ливень (ливни).";"Облака покрывали более половины неба в течение всего соответствующего периода.";"-0.1";"";"Кучево-дождевые лысые с кучевыми, слоисто-кучевыми или слоистыми, либо без них.";"100%.";"300-600";"";"";"1.0";"0.5";"11.0";"12";"";"";"Ровный слой слежавшегося или мокрого снега покрывает поверхность почвы полностью.";"3.0";
"14.11.2017 06:00";"0.7";"741.7";"756.4";"-2.4";"96";"Ветер, дующий с юго-юго-востока";"2";"";"";"100%.";"Ливневый снег слабый в срок наблюдения или за последний час. ";"Ливень (ливни).";"Облака покрывали более половины неба в течение всего соответствующего периода.";"-0.1";"";"Кучево-дождевые лысые с кучевыми, слоисто-кучевыми или слоистыми, либо без них.";"100%.";"300-600";"";"";"";"0.1";"5.0";"12";"";"";"";"";
"14.11.2017 03:00";"1.0";"744.1";"758.8";"-2.6";"95";"Ветер, дующий с юго-юго-востока";"3";"";"";"100%.";"Ливневый снег слабый в срок наблюдения или за последний час. ";"Ливень (ливни).";"Облака покрывали более половины неба в течение всего соответствующего периода.";"";"";"Кучево-дождевые лысые с кучевыми, слоисто-кучевыми или слоистыми, либо без них.";"100%.";"600-1000";"";"";"";"0.3";"";"";"";"";"";"";
"14.11.2017 00:00";"1.2";"746.7";"761.5";"-1.0";"91";"Ветер, дующий с юго-юго-востока";"2";"";"";"100%.";"Дождь (незамерзающий) неливневый. ";"Облака покрывали более половины неба в течение всего соответствующего периода.";"Облака покрывали более половины неба в течение всего соответствующего периода.";"";"";"Слоисто-кучевые, образовавшиеся не из кучевых.";"100%.";"600-1000";"";"";"";"-0.2";"";"";"";"";"";"";
"13.11.2017 21:00";"0.7";"747.7";"762.5";"0.1";"87";"Штиль, безветрие";"0";"";"";"100%.";"Дымка. ";"Облака покрывали более половины неба в течение всего соответствующего периода.";"Облака покрывали более половины неба в течение всего соответствующего периода.";"";"1.9";"Слоисто-кучевые, образовавшиеся не из кучевых.";"100%.";"600-1000";"";"";"";"-1.3";"Осадков нет";"12";"";"";"";"";
"13.11.2017 18:00";"-0.1";"747.6";"762.4";"0.2";"90";"Штиль, безветрие";"0";"";"";"70 – 80%.";"Дымка. ";"Облака покрывали более половины неба в течение всего соответствующего периода.";"Облака покрывали более половины неба в течение всего соответствующего периода.";"";"";"Слоисто-кучевые, образовавшиеся не из кучевых.";"20–30%.";"600-1000";"Высококучевые просвечивающие, расположенные на одном уровне.";"Перистых, перисто-кучевых или перисто-слоистых нет.";"";"-1.5";"Осадков нет";"12";"";"";"";"";
"13.11.2017 15:00";"1.2";"747.4";"762.1";"1.5";"85";"Ветер, дующий с западо-юго-запада";"1";"";"";"70 – 80%.";" ";"";"";"";"";"Слоисто-кучевые, образовавшиеся не из кучевых.";"70 – 80%.";"600-1000";"Высококучевых, высокослоистых или слоисто-дождевых облаков нет.";"Перистых, перисто-кучевых или перисто-слоистых нет.";"10.0";"-1.1";"";"";"";"";"";"";
"13.11.2017 12:00";"1.2";"745.9";"760.7";"1.2";"87";"Ветер, дующий с северо-запада";"1";"";"";"70 – 80%.";" ";"";"";"";"";"Слоисто-кучевые, образовавшиеся не из кучевых.";"50%.";"600-1000";"Высококучевые просвечивающие, расположенные на одном уровне.";"Перистых, перисто-кучевых или перисто-слоистых нет.";"10.0";"-0.7";"";"";"";"";"";"";
"13.11.2017 09:00";"0.0";"744.7";"759.5";"1.8";"98";"Штиль, безветрие";"0";"";"";"70 – 80%.";"Дымка. ";"Облака покрывали более половины неба в течение одной части соответствующего периода и половину или менее в течение другой части периода.";"Облака покрывали более половины неба в течение одной части соответствующего периода и половину или менее в течение другой части периода.";"-2.2";"";"Слоисто-кучевые, образовавшиеся не из кучевых.";"70 – 80%.";"600-1000";"Высококучевых, высокослоистых или слоисто-дождевых облаков нет.";"Перистых, перисто-кучевых или перисто-слоистых нет.";"4.0";"-0.3";"Осадков нет";"12";"";"";"";"";
"13.11.2017 06:00";"-1.3";"742.9";"757.8";"0.8";"97";"Штиль, безветрие";"0";"";"";"Облаков нет.";"Дымка. ";"Облака покрывали половину неба или менее в течение всего соответствующего периода.";"Облака покрывали половину неба или менее в течение всего соответствующего периода.";"-1.6";"";"";"";"";"";"";"";"-1.7";"Осадков нет";"12";"";"";"";"";
"13.11.2017 03:00";"1.2";"742.1";"756.8";"1.0";"92";"Штиль, безветрие";"0";"";"";"50%.";"Дымка. ";"Облака покрывали более половины неба в течение одной части соответствующего периода и половину или менее в течение другой части периода.";"Облака покрывали более половины неба в течение одной части соответствующего периода и половину или менее в течение другой части периода.";"";"";"Слоисто-кучевые, образовавшиеся не из кучевых.";"50%.";"600-1000";"Высококучевых, высокослоистых или слоисто-дождевых облаков нет.";"Перистых, перисто-кучевых или перисто-слоистых нет.";"";"0.0";"";"";"";"";"";"";
"13.11.2017 00:00";"3.0";"741.1";"755.7";"0.3";"84";"Штиль, безветрие";"0";"";"";"100%.";" ";"";"";"";"";"Слоисто-кучевые, образовавшиеся не из кучевых.";"100%.";"600-1000";"";"";"";"0.5";"";"";"";"";"";"";
"12.11.2017 21:00";"3.6";"740.8";"755.3";"0.8";"78";"Ветер, дующий с юго-юго-запада";"1";"";"";"70 – 80%.";" ";"";"";"";"4.7";"Слоисто-кучевые, образовавшиеся не из кучевых.";"70 – 80%.";"600-1000";"Высококучевых, высокослоистых или слоисто-дождевых облаков нет.";"Перистых, перисто-кучевых или перисто-слоистых нет.";"";"0.0";"0.6";"12";"";"";"";"";
"12.11.2017 18:00";"2.0";"740.0";"754.6";"0.7";"84";"Штиль, безветрие";"0";"";"";"Облаков нет.";" ";"";"";"";"";"";"";"";"";"";"";"-0.5";"1.0";"12";"";"";"";"";
"12.11.2017 15:00";"4.2";"739.3";"753.7";"0.4";"78";"Ветер, дующий с западо-юго-запада";"1";"";"";"60%.";"Дымка. ";"Дождь.";"Облака покрывали более половины неба в течение всего соответствующего периода.";"";"";"Слоисто-кучевые, образовавшиеся не из кучевых.";"60%.";"600-1000";"Высококучевых, высокослоистых или слоисто-дождевых облаков нет.";"Перистых, перисто-кучевых или перисто-слоистых нет.";"10.0";"0.6";"";"";"";"";"";"";
"12.11.2017 12:00";"4.0";"738.9";"753.4";"0.2";"91";"Ветер, дующий с западо-юго-запада";"1";"";"";"100%.";"Дымка. ";"Дождь.";"Облака покрывали более половины неба в течение всего соответствующего периода.";"";"";"Слоисто-кучевые, образовавшиеся не из кучевых.";"100%.";"600-1000";"";"";"4.0";"2.6";"";"";"";"";"";"";
"12.11.2017 09:00";"4.0";"738.7";"753.2";"-0.5";"95";"Ветер, дующий с юго-юго-востока";"1";"";"";"100%.";"Дождь незамерзающий непрерывный слабый в срок наблюдения. ";"Дождь.";"Облака покрывали более половины неба в течение всего соответствующего периода.";"3.9";"";"Слоистые разорванные или кучевые разорванные облака плохой погоды, либо те и другие вместе (разорванно-дождевые); обычно расположены под слоистыми или слоисто-дождевыми облаками.";"100%.";"200-300";"Высокослоистые непросвечивающие или слоисто-дождевые.";"";"2.0";"3.3";"2.0";"12";"";"";"";"";
"12.11.2017 06:00";"4.2";"739.2";"753.7";"-1.0";"91";"Ветер, дующий с юга";"2";"";"";"100%.";"Дождь незамерзающий непрерывный слабый в срок наблюдения. ";"Дождь.";"Облака покрывали более половины неба в течение всего соответствующего периода.";"4.2";"";"Слоистые разорванные или кучевые разорванные облака плохой погоды, либо те и другие вместе (разорванно-дождевые); обычно расположены под слоистыми или слоисто-дождевыми облаками.";"100%.";"300-600";"Высокослоистые непросвечивающие или слоисто-дождевые.";"";"";"2.8";"3.0";"12";"";"";"";"";
"12.11.2017 03:00";"4.6";"740.2";"754.7";"-1.2";"91";"Ветер, дующий с юга";"2";"";"";"100%.";"Дымка. ";"Дождь.";"Облака покрывали более половины неба в течение всего соответствующего периода.";"";"";"Слоистые разорванные или кучевые разорванные облака плохой погоды, либо те и другие вместе (разорванно-дождевые); обычно расположены под слоистыми или слоисто-дождевыми облаками.";"100%.";"200-300";"";"";"";"3.2";"";"";"";"";"";"";
"12.11.2017 00:00";"4.9";"741.4";"755.8";"-0.9";"91";"Ветер, дующий с юго-юго-востока";"2";"";"";"100%.";"Дождь незамерзающий непрерывный слабый в срок наблюдения. ";"Дождь.";"Облака покрывали более половины неба в течение всего соответствующего периода.";"";"";"Слоистые разорванные или кучевые разорванные облака плохой погоды, либо те и другие вместе (разорванно-дождевые); обычно расположены под слоистыми или слоисто-дождевыми облаками.";"100%.";"300-600";"";"";"";"3.6";"";"";"";"";"";"";
"11.11.2017 21:00";"5.2";"742.3";"756.8";"-0.9";"90";"Ветер, дующий с юга";"2";"";"";"100%.";"Дождь незамерзающий непрерывный слабый в срок наблюдения. ";"Дождь.";"Облака покрывали более половины неба в течение всего соответствующего периода.";"";"5.3";"Слоистые разорванные или кучевые разорванные облака плохой погоды, либо те и другие вместе (разорванно-дождевые); обычно расположены под слоистыми или слоисто-дождевыми облаками.";"100%.";"200-300";"Высокослоистые непросвечивающие или слоисто-дождевые.";"";"";"3.7";"1.0";"12";"";"";"";"";
"11.11.2017 18:00";"5.2";"743.2";"757.6";"-0.5";"91";"Ветер, дующий с юго-юго-востока";"2";"";"";"100%.";"Дождь (незамерзающий) неливневый. ";"Дождь.";"Облака покрывали более половины неба в течение всего соответствующего периода.";"";"";"Слоистые разорванные или кучевые разорванные облака плохой погоды, либо те и другие вместе (разорванно-дождевые); обычно расположены под слоистыми или слоисто-дождевыми облаками.";"100%.";"200-300";"";"";"";"3.9";"0.5";"12";"";"";"";"";
"11.11.2017 15:00";"5.1";"743.7";"758.2";"-1.0";"91";"Ветер, дующий с юга";"2";"";"";"100%.";"Дождь (незамерзающий) неливневый. ";"Дождь.";"Облака покрывали более половины неба в течение всего соответствующего периода.";"";"";"Слоистые разорванные или кучевые разорванные облака плохой погоды, либо те и другие вместе (разорванно-дождевые); обычно расположены под слоистыми или слоисто-дождевыми облаками.";"100%.";"200-300";"";"";"4.0";"3.7";"";"";"";"";"";"";
"11.11.2017 12:00";"4.3";"744.7";"759.2";"-0.6";"93";"Ветер, дующий с юго-юго-востока";"2";"";"";"100%.";"Дождь незамерзающий с перерывами слабый в срок наблюдения. ";"Дождь.";"Облака покрывали более половины неба в течение всего соответствующего периода.";"";"";"Слоистые разорванные или кучевые разорванные облака плохой погоды, либо те и другие вместе (разорванно-дождевые); обычно расположены под слоистыми или слоисто-дождевыми облаками.";"100%.";"200-300";"";"";"4.0";"3.3";"";"";"";"";"";"";
"11.11.2017 09:00";"3.6";"745.3";"760.0";"-0.5";"95";"Ветер, дующий с юго-юго-востока";"1";"";"";"100%.";"Дымка. ";"Дождь.";"Облака покрывали более половины неба в течение всего соответствующего периода.";"1.9";"";"Слоистые разорванные или кучевые разорванные облака плохой погоды, либо те и другие вместе (разорванно-дождевые); обычно расположены под слоистыми или слоисто-дождевыми облаками.";"100%.";"200-300";"";"";"4.0";"2.9";"1.0";"12";"";"";"";"";
"11.11.2017 06:00";"3.3";"745.8";"760.4";"-0.7";"95";"Ветер, дующий с юго-юго-востока";"2";"";"";"100%.";"Дымка. ";"Дождь.";"Облака покрывали более половины неба в течение всего соответствующего периода.";"1.9";"";"Слоистые разорванные или кучевые разорванные облака плохой погоды, либо те и другие вместе (разорванно-дождевые); обычно расположены под слоистыми или слоисто-дождевыми облаками.";"100%.";"200-300";"";"";"";"2.5";"2.0";"12";"";"";"";"";
"11.11.2017 03:00";"3.1";"746.5";"761.2";"-0.8";"93";"Ветер, дующий с юга";"1";"";"";"100%.";"Дождь (незамерзающий) неливневый. ";"Дождь.";"Облака покрывали более половины неба в течение всего соответствующего периода.";"";"";"Слоисто-кучевые, образовавшиеся не из кучевых.";"100%.";"600-1000";"";"";"";"2.0";"";"";"";"";"";"";
"11.11.2017 00:00";"2.3";"747.3";"762.0";"-0.7";"94";"Ветер, дующий с юго-юго-востока";"1";"";"";"100%.";"Дождь незамерзающий непрерывный слабый в срок наблюдения. ";"Дождь.";"Облака покрывали более половины неба в течение всего соответствующего периода.";"";"";"Слоистые разорванные или кучевые разорванные облака плохой погоды, либо те и другие вместе (разорванно-дождевые); обычно расположены под слоистыми или слоисто-дождевыми облаками.";"100%.";"200-300";"Высокослоистые непросвечивающие или слоисто-дождевые.";"";"";"1.4";"";"";"";"";"";"";
"10.11.2017 21:00";"2.0";"748.0";"762.7";"-0.3";"92";"Ветер, дующий с юга";"1";"";"";"100%.";"Дождь незамерзающий непрерывный слабый в срок наблюдения. ";"Дождь.";"Облака покрывали более половины неба в течение всего соответствующего периода.";"";"3.0";"Слоистые разорванные или кучевые разорванные облака плохой погоды, либо те и другие вместе (разорванно-дождевые); обычно расположены под слоистыми или слоисто-дождевыми облаками.";"100%.";"300-600";"Высокослоистые непросвечивающие или слоисто-дождевые.";"";"";"0.8";"2.0";"12";"";"";"";"";
"10.11.2017 18:00";"2.7";"748.3";"763.0";"-0.4";"91";"Ветер, дующий с юга";"1";"";"";"100%.";"Дождь незамерзающий непрерывный слабый в срок наблюдения. ";"Дождь.";"Облака покрывали более половины неба в течение всего соответствующего периода.";"";"";"Слоистые разорванные или кучевые разорванные облака плохой погоды, либо те и другие вместе (разорванно-дождевые); обычно расположены под слоистыми или слоисто-дождевыми облаками.";"100%.";"300-600";"Высокослоистые непросвечивающие или слоисто-дождевые.";"";"";"1.3";"0.6";"12";"";"";"";"";
"10.11.2017 15:00";"2.7";"748.7";"763.5";"-0.9";"90";"Ветер, дующий с юга";"1";"";"";"100%.";"Снег неливневый. ";"Дождь со снегом или другими видами твердых осадков";"Облака покрывали более половины неба в течение всего соответствующего периода.";"";"";"Слоисто-кучевые, образовавшиеся не из кучевых.";"100%.";"300-600";"";"";"4.0";"1.2";"";"";"";"";"";"";
"10.11.2017 12:00";"2.1";"749.6";"764.4";"-0.8";"87";"Ветер, дующий с юга";"1";"";"";"100%.";"Снег непрерывный слабый в срок наблюдения. ";"Дождь со снегом или другими видами твердых осадков";"Облака покрывали более половины неба в течение всего соответствующего периода.";"";"";"Слоисто-кучевые, образовавшиеся не из кучевых.";"100%.";"600-1000";"";"";"4.0";"0.1";"";"";"";"";"";"";
"10.11.2017 09:00";"1.1";"750.4";"765.3";"-1.3";"83";"Ветер, дующий с юга";"1";"";"";"100%.";"Дымка. ";"Облака покрывали более половины неба в течение всего соответствующего периода.";"Облака покрывали более половины неба в течение всего соответствующего периода.";"-1.1";"";"Слоисто-кучевые, образовавшиеся не из кучевых.";"100%.";"600-1000";"";"";"10.0";"-1.5";"Осадков нет";"12";"";"";"";"";
"10.11.2017 06:00";"0.0";"751.7";"767.1";"-1.3";"89";"Ветер, дующий с юго-юго-востока";"1";"";"";"100%.";"Дымка. ";"Облака покрывали более половины неба в течение всего соответствующего периода.";"Облака покрывали более половины неба в течение всего соответствующего периода.";"-1.1";"";"Слоистые разорванные или кучевые разорванные облака плохой погоды, либо те и другие вместе (разорванно-дождевые); обычно расположены под слоистыми или слоисто-дождевыми облаками.";"100%.";"300-600";"";"";"";"-1.6";"Осадков нет";"12";"";"";"";"";
"10.11.2017 03:00";"-0.3";"753.0";"768.0";"-1.2";"90";"Ветер, дующий с юго-востока";"1";"";"";"100%.";"Дымка. ";"Облака покрывали более половины неба в течение одной части соответствующего периода и половину или менее в течение другой части периода.";"Облака покрывали более половины неба в течение одной части соответствующего периода и половину или менее в течение другой части периода.";"";"";"Слоисто-кучевые, образовавшиеся не из кучевых.";"100%.";"600-1000";"";"";"";"-1.7";"";"";"";"";"";"";
"10.11.2017 00:00";"0.6";"754.2";"769.1";"-0.9";"80";"Штиль, безветрие";"0";"";"";"Облаков нет.";" ";"";"";"";"";"";"";"";"";"";"";"-2.5";"";"";"";"";"";"";
"09.11.2017 21:00";"0.3";"755.1";"770.1";"-1.0";"96";"Штиль, безветрие";"0";"";"";"60%.";"Дымка. ";"Облака покрывали более половины неба в течение одной части соответствующего периода и половину или менее в течение другой части периода.";"Облака покрывали более половины неба в течение одной части соответствующего периода и половину или менее в течение другой части периода.";"";"4.5";"Слоисто-кучевых, слоистых, кучевых или кучево-дождевых облаков нет.";"60%.";"2500 или более, или облаков нет.";"Высококучевые просвечивающие, расположенные на одном уровне.";"Перистых, перисто-кучевых или перисто-слоистых нет.";"";"-0.3";"Осадков нет";"12";"";"";"";"";
"09.11.2017 18:00";"-0.4";"756.1";"771.2";"-1.1";"93";"Штиль, безветрие";"0";"";"";"20–30%.";"Дымка. ";"Облака покрывали половину неба или менее в течение всего соответствующего периода.";"Облака покрывали половину неба или менее в течение всего соответствующего периода.";"";"";"Слоисто-кучевых, слоистых, кучевых или кучево-дождевых облаков нет.";"20–30%.";"2500 или более, или облаков нет.";"Высококучевые просвечивающие, расположенные на одном уровне.";"Перистых, перисто-кучевых или перисто-слоистых нет.";"";"-1.4";"Осадков нет";"12";"";"";"";"";
"09.11.2017 15:00";"4.4";"757.2";"772.0";"-1.3";"76";"Ветер, дующий с западо-юго-запада";"1";"";"";"50%.";" ";"";"";"";"";"Кучевые плоские или кучевые разорванные, или те и другие вместе, не относящиеся к облакам плохой погоды.";"50%.";"1000-1500";"Высококучевых, высокослоистых или слоисто-дождевых облаков нет.";"Перистых, перисто-кучевых или перисто-слоистых нет.";"10.0";"0.5";"";"";"";"";"";"";
"09.11.2017 12:00";"3.7";"758.5";"773.3";"-0.4";"85";"Ветер, дующий с западо-северо-запада";"1";"";"";"60%.";"Дымка. ";"Облака покрывали более половины неба в течение одной части соответствующего периода и половину или менее в течение другой части периода.";"Облака покрывали более половины неба в течение одной части соответствующего периода и половину или менее в течение другой части периода.";"";"";"Кучевые плоские или кучевые разорванные, или те и другие вместе, не относящиеся к облакам плохой погоды.";"20–30%.";"1000-1500";"Высококучевые просвечивающие, расположенные на одном уровне.";"Перистые нитевидные, иногда когтевидные, не распространяющиеся по небу.";"10.0";"1.3";"";"";"";"";"";"";
"09.11.2017 09:00";"-2.4";"758.9";"774.1";"-0.4";"99";"Штиль, безветрие";"0";"";"";"40%.";"Дымка. ";"Облака покрывали половину неба или менее в течение всего соответствующего периода.";"Облака покрывали половину неба или менее в течение всего соответствующего периода.";"-3.1";"";"Слоисто-кучевых, слоистых, кучевых или кучево-дождевых облаков нет.";"Облаков нет.";"2500 или более, или облаков нет.";"Высококучевых, высокослоистых или слоисто-дождевых облаков нет.";"Перистые нитевидные, иногда когтевидные, не распространяющиеся по небу.";"4.0";"-2.6";"Осадков нет";"12";"";"";"";"";
"09.11.2017 06:00";"-2.6";"759.3";"774.5";"-0.4";"99";"Штиль, безветрие";"0";"";"";"Облаков нет.";"Дымка. ";"Облака покрывали половину неба или менее в течение всего соответствующего периода.";"Облака покрывали половину неба или менее в течение всего соответствующего периода.";"-2.8";"";"";"";"";"";"";"";"-2.8";"Осадков нет";"12";"";"";"";"";
"09.11.2017 03:00";"-1.9";"759.7";"775.0";"-0.3";"99";"Штиль, безветрие";"0";"";"";"Облаков нет.";"Дымка. ";"Облака покрывали половину неба или менее в течение всего соответствующего периода.";"Облака покрывали половину неба или менее в течение всего соответствующего периода.";"";"";"";"";"";"";"";"";"-2.1";"";"";"";"";"";"";
"09.11.2017 00:00";"-1.3";"760.0";"775.2";"-0.1";"98";"Штиль, безветрие";"0";"";"";"Облаков нет.";"Дымка. ";"Облака покрывали половину неба или менее в течение всего соответствующего периода.";"Облака покрывали половину неба или менее в течение всего соответствующего периода.";"";"";"";"";"";"";"";"";"-1.6";"";"";"";"";"";"";
"08.11.2017 21:00";"0.1";"760.1";"775.3";"0.1";"95";"Штиль, безветрие";"0";"";"";"Облаков нет.";"Дымка. ";"Облака покрывали половину неба или менее в течение всего соответствующего периода.";"Облака покрывали половину неба или менее в течение всего соответствующего периода.";"";"5.4";"";"";"";"";"";"";"-0.6";"Осадков нет";"12";"";"";"";"";
"08.11.2017 18:00";"1.8";"760.0";"775.0";"0.3";"83";"Штиль, безветрие";"0";"";"";"Облаков нет.";" ";"";"";"";"";"";"";"";"";"";"";"-0.8";"Осадков нет";"12";"";"";"";"";
"08.11.2017 15:00";"5.4";"759.7";"774.6";"-0.2";"64";"Ветер, дующий с западо-северо-запада";"1";"";"";"Облаков нет.";" ";"";"";"";"";"";"";"";"";"";"10.0";"-0.9";"";"";"";"";"";"";
"08.11.2017 12:00";"4.4";"759.9";"774.8";"0.3";"76";"Ветер, дующий с северо-запада";"2";"";"";"Облаков нет.";" ";"";"";"";"";"";"";"";"";"";"10.0";"0.5";"";"";"";"";"";"";
"08.11.2017 09:00";"-0.6";"759.6";"774.7";"0.6";"98";"Штиль, безветрие";"0";"";"";"20–30%.";"Дымка. ";"Облака покрывали более половины неба в течение одной части соответствующего периода и половину или менее в течение другой части периода.";"Облака покрывали более половины неба в течение одной части соответствующего периода и половину или менее в течение другой части периода.";"-1.3";"";"Слоисто-кучевых, слоистых, кучевых или кучево-дождевых облаков нет.";"Облаков нет.";"2500 или более, или облаков нет.";"Высококучевых, высокослоистых или слоисто-дождевых облаков нет.";"Перистые нитевидные, иногда когтевидные, не распространяющиеся по небу.";"4.0";"-0.9";"Осадков нет";"12";"";"";"";"";
"08.11.2017 06:00";"-0.6";"759.0";"774.1";"0.6";"97";"Штиль, безветрие";"0";"";"";"20–30%.";"Дымка. ";"Облака покрывали более половины неба в течение одной части соответствующего периода и половину или менее в течение другой части периода.";"Облака покрывали более половины неба в течение одной части соответствующего периода и половину или менее в течение другой части периода.";"-0.7";"";"Слоисто-кучевые, образовавшиеся не из кучевых.";"20–30%.";"1000-1500";"Высококучевых, высокослоистых или слоисто-дождевых облаков нет.";"Перистых, перисто-кучевых или перисто-слоистых нет.";"";"-1.0";"Осадков нет";"12";"";"";"";"";
"08.11.2017 03:00";"0.2";"758.4";"773.5";"0.5";"96";"Штиль, безветрие";"0";"";"";"90  или более, но не 100%";"Дымка. ";"Облака покрывали более половины неба в течение всего соответствующего периода.";"Облака покрывали более половины неба в течение всего соответствующего периода.";"";"";"Слоисто-кучевые, образовавшиеся не из кучевых.";"90  или более, но не 100%";"600-1000";"Высококучевых, высокослоистых или слоисто-дождевых облаков нет.";"Перистых, перисто-кучевых или перисто-слоистых нет.";"";"-0.4";"";"";"";"";"";"";
"08.11.2017 00:00";"2.2";"757.9";"772.9";"0.7";"94";"Ветер, дующий с западо-юго-запада";"1";"";"";"70 – 80%.";"Дымка. ";"Облака покрывали более половины неба в течение всего соответствующего периода.";"Облака покрывали более половины неба в течение всего соответствующего периода.";"";"";"Слоисто-кучевые, образовавшиеся не из кучевых.";"70 – 80%.";"600-1000";"Высококучевых, высокослоистых или слоисто-дождевых облаков нет.";"Перистых, перисто-кучевых или перисто-слоистых нет.";"";"1.3";"";"";"";"";"";"";
"07.11.2017 21:00";"5.3";"757.2";"772.0";"0.9";"86";"Ветер, дующий с запада";"1";"";"";"100%.";" ";"";"";"";"5.4";"Слоистые разорванные или кучевые разорванные облака плохой погоды, либо те и другие вместе (разорванно-дождевые); обычно расположены под слоистыми или слоисто-дождевыми облаками.";"100%.";"300-600";"";"";"";"3.2";"Осадков нет";"12";"";"";"";"";
"07.11.2017 18:00";"5.1";"756.3";"771.1";"0.6";"88";"Ветер, дующий с запада";"1";"";"";"100%.";" ";"";"";"";"";"Слоисто-кучевые, образовавшиеся не из кучевых.";"100%.";"600-1000";"";"";"";"3.2";"Осадков нет";"12";"";"";"";"";
"07.11.2017 15:00";"5.2";"755.7";"770.5";"0.2";"82";"Ветер, дующий с западо-юго-запада";"1";"";"";"100%.";" ";"";"";"";"";"Слоисто-кучевые, образовавшиеся не из кучевых.";"100%.";"600-1000";"";"";"10.0";"2.4";"";"";"";"";"";"";
"07.11.2017 12:00";"5.2";"755.5";"770.2";"0.6";"78";"Штиль, безветрие";"0";"";"";"100%.";" ";"";"";"";"";"Слоисто-кучевые, образовавшиеся не из кучевых.";"100%.";"300-600";"";"";"10.0";"1.7";"";"";"";"";"";"";
"07.11.2017 09:00";"4.6";"754.9";"769.7";"-0.4";"79";"Ветер, дующий с юго-юго-запада";"1";"";"";"100%.";" ";"";"";"4.4";"";"Слоисто-кучевые, образовавшиеся не из кучевых.";"100%.";"600-1000";"";"";"10.0";"1.2";"Осадков нет";"12";"";"";"";"";
"07.11.2017 06:00";"4.6";"755.3";"770.1";"-0.7";"78";"Ветер, дующий с юго-запада";"1";"";"";"100%.";" ";"";"";"4.6";"";"Слоисто-кучевые, образовавшиеся не из кучевых.";"100%.";"600-1000";"";"";"";"1.0";"Осадков нет";"12";"";"";"";"";
"07.11.2017 03:00";"4.9";"756.0";"770.8";"0.1";"77";"Ветер, дующий с запада";"1";"";"";"100%.";" ";"";"";"";"";"Слоисто-кучевые, образовавшиеся не из кучевых.";"100%.";"600-1000";"";"";"";"1.1";"";"";"";"";"";"";
"07.11.2017 00:00";"5.3";"755.9";"770.7";"0.6";"77";"Ветер, дующий с юга";"1";"";"";"100%.";" ";"";"";"";"";"Слоисто-кучевые, образовавшиеся не из кучевых.";"100%.";"600-1000";"";"";"";"1.5";"";"";"";"";"";"";
"06.11.2017 21:00";"5.9";"755.3";"770.0";"-0.2";"75";"Ветер, дующий с юга";"1";"";"";"100%.";" ";"";"";"";"7.2";"Слоисто-кучевые, образовавшиеся не из кучевых.";"100%.";"600-1000";"";"";"";"1.7";"Осадков нет";"12";"";"";"";"";
"06.11.2017 18:00";"6.1";"755.5";"770.2";"0.2";"77";"Ветер, дующий с юга";"1";"";"";"100%.";" ";"";"";"";"";"Слоисто-кучевые, образовавшиеся не из кучевых.";"100%.";"600-1000";"";"";"";"2.3";"Осадков нет";"12";"";"";"";"";
"06.11.2017 15:00";"7.1";"755.3";"769.9";"-0.2";"69";"Ветер, дующий с юга";"1";"";"";"100%.";" ";"";"";"";"";"Слоисто-кучевые, образовавшиеся не из кучевых.";"100%.";"600-1000";"";"";"10.0";"1.8";"";"";"";"";"";"";
"06.11.2017 12:00";"6.2";"755.5";"770.2";"0.6";"76";"Ветер, дующий с юго-юго-запада";"1";"";"";"100%.";" ";"";"";"";"";"Слоисто-кучевые, образовавшиеся не из кучевых.";"100%.";"600-1000";"";"";"10.0";"2.2";"";"";"";"";"";"";
"06.11.2017 09:00";"4.7";"754.9";"769.6";"0.4";"83";"Штиль, безветрие";"0";"";"";"100%.";" ";"";"";"3.9";"";"Слоисто-кучевые, образовавшиеся не из кучевых.";"100%.";"600-1000";"";"";"10.0";"2.0";"Осадков нет";"12";"";"";"";"";
"06.11.2017 06:00";"4.1";"754.5";"769.3";"0.2";"86";"Ветер, дующий с юга";"1";"";"";"100%.";" ";"";"";"3.9";"";"Слоисто-кучевые, образовавшиеся не из кучевых.";"100%.";"600-1000";"";"";"";"2.0";"Осадков нет";"12";"";"";"";"";
"06.11.2017 03:00";"4.0";"754.3";"769.0";"0.6";"86";"Ветер, дующий с юго-юго-запада";"1";"";"";"100%.";" ";"";"";"";"";"Слоисто-кучевые, образовавшиеся не из кучевых.";"100%.";"600-1000";"";"";"";"1.8";"";"";"";"";"";"";
"06.11.2017 00:00";"3.9";"753.7";"768.5";"0.5";"86";"Штиль, безветрие";"0";"";"";"100%.";" ";"";"";"";"";"Слоисто-кучевые, образовавшиеся не из кучевых.";"100%.";"600-1000";"";"";"";"1.8";"";"";"";"";"";"";
"05.11.2017 21:00";"4.2";"753.2";"768.0";"0.5";"86";"Ветер, дующий с юга";"1";"";"";"100%.";" ";"";"";"";"5.2";"Слоисто-кучевые, образовавшиеся не из кучевых.";"100%.";"600-1000";"";"";"";"2.0";"Осадков нет";"12";"";"";"";"";
"05.11.2017 18:00";"4.9";"752.7";"767.4";"0.3";"84";"Ветер, дующий с юга";"1";"";"";"100%.";" ";"";"";"";"";"Слоисто-кучевые, образовавшиеся не из кучевых.";"100%.";"600-1000";"";"";"";"2.4";"0.3";"12";"";"";"";"";
"05.11.2017 15:00";"5.1";"752.4";"767.0";"0.0";"83";"Ветер, дующий с юго-запада";"1";"";"";"100%.";" ";"";"";"";"";"Слоисто-кучевые, образовавшиеся не из кучевых.";"100%.";"600-1000";"";"";"10.0";"2.4";"";"";"";"";"";"";
"05.11.2017 12:00";"4.4";"752.4";"767.1";"0.5";"85";"Ветер, дующий с юго-юго-запада";"1";"";"";"100%.";"Дымка. ";"Облака покрывали более половины неба в течение всего соответствующего периода.";"Облака покрывали более половины неба в течение всего соответствующего периода.";"";"";"Слоисто-кучевые, образовавшиеся не из кучевых.";"100%.";"600-1000";"";"";"10.0";"2.1";"";"";"";"";"";"";
"05.11.2017 09:00";"2.9";"751.9";"766.7";"0.5";"91";"Штиль, безветрие";"0";"";"";"100%.";"Дождь (незамерзающий) неливневый. ";"Дождь.";"Облака покрывали более половины неба в течение всего соответствующего периода.";"1.6";"";"Слоистые разорванные или кучевые разорванные облака плохой погоды, либо те и другие вместе (разорванно-дождевые); обычно расположены под слоистыми или слоисто-дождевыми облаками.";"100%.";"300-600";"";"";"4.0";"1.6";"0.7";"12";"";"";"";"";
"05.11.2017 06:00";"2.2";"751.4";"766.3";"0.3";"93";"Штиль, безветрие";"0";"";"";"100%.";"Дождь (незамерзающий) неливневый. ";"Дождь.";"Облака покрывали более половины неба в течение всего соответствующего периода.";"1.6";"";"Слоисто-кучевые, образовавшиеся не из кучевых.";"100%.";"1000-1500";"";"";"";"1.1";"0.4";"12";"";"";"";"";
"05.11.2017 03:00";"1.8";"751.1";"766.0";"0.2";"91";"Ветер, дующий с юга";"1";"";"";"100%.";"Дымка. ";"Облака покрывали более половины неба в течение всего соответствующего периода.";"Облака покрывали более половины неба в течение всего соответствующего периода.";"";"";"Слоисто-кучевые, образовавшиеся не из кучевых.";"100%.";"600-1000";"";"";"";"0.4";"";"";"";"";"";"";
"05.11.2017 00:00";"1.8";"750.9";"765.7";"0.4";"84";"Штиль, безветрие";"0";"";"";"100%.";" ";"";"";"";"";"Слоисто-кучевые, образовавшиеся не из кучевых.";"100%.";"600-1000";"";"";"";"-0.7";"";"";"";"";"";"";
"04.11.2017 21:00";"1.6";"750.5";"765.3";"0.4";"80";"Штиль, безветрие";"0";"";"";"100%.";" ";"";"";"";"1.7";"Слоисто-кучевые, образовавшиеся не из кучевых.";"100%.";"600-1000";"";"";"";"-1.6";"Осадков нет";"12";"";"";"";"";
"04.11.2017 18:00";"1.3";"750.1";"765.0";"0.6";"78";"Штиль, безветрие";"0";"";"";"100%.";" ";"";"";"";"";"Слоисто-кучевые, образовавшиеся не из кучевых.";"100%.";"600-1000";"";"";"";"-2.1";"Осадков нет";"12";"";"";"";"";
"04.11.2017 15:00";"1.2";"749.5";"764.4";"0.6";"77";"Ветер, дующий с запада";"1";"";"";"100%.";" ";"";"";"";"";"Слоисто-кучевые, образовавшиеся не из кучевых.";"100%.";"600-1000";"";"";"10.0";"-2.5";"";"";"";"";"";"";
"04.11.2017 12:00";"0.3";"748.9";"763.8";"1.4";"82";"Ветер, дующий с запада";"1";"";"";"100%.";" ";"";"";"";"";"Слоисто-кучевые, образовавшиеся не из кучевых.";"100%.";"600-1000";"";"";"10.0";"-2.4";"";"";"";"";"";"";
"04.11.2017 09:00";"-0.2";"747.5";"762.4";"1.6";"80";"Ветер, дующий с западо-северо-запада";"1";"";"";"90  или более, но не 100%";" ";"";"";"-0.6";"";"Слоисто-кучевые, образовавшиеся не из кучевых.";"90  или более, но не 100%";"600-1000";"Высококучевых, высокослоистых или слоисто-дождевых облаков нет.";"Перистых, перисто-кучевых или перисто-слоистых нет.";"10.0";"-3.2";"Следы осадков";"12";"";"";"";"";
"04.11.2017 06:00";"-0.1";"745.9";"760.7";"1.5";"82";"Ветер, дующий с западо-северо-запада";"1";"";"";"70 – 80%.";" ";"";"";"-0.2";"";"Слоисто-кучевые, образовавшиеся не из кучевых.";"70 – 80%.";"600-1000";"Высококучевых, высокослоистых или слоисто-дождевых облаков нет.";"Перистых, перисто-кучевых или перисто-слоистых нет.";"";"-2.8";"Следы осадков";"12";"";"";"";"";
"04.11.2017 03:00";"0.5";"744.4";"759.1";"1.1";"88";"Штиль, безветрие";"0";"";"";"100%.";"Дымка. ";"Дождь со снегом или другими видами твердых осадков";"Облака покрывали более половины неба в течение всего соответствующего периода.";"";"";"Слоисто-кучевые, образовавшиеся не из кучевых.";"100%.";"600-1000";"";"";"";"-1.3";"";"";"";"";"";"";
"04.11.2017 00:00";"0.4";"743.3";"758.1";"0.9";"95";"Ветер, дующий с северо-запада";"1";"";"";"100%.";"Дымка. ";"Облака покрывали более половины неба в течение всего соответствующего периода.";"Облака покрывали более половины неба в течение всего соответствующего периода.";"";"";"Слоисто-кучевые, образовавшиеся не из кучевых.";"100%.";"600-1000";"";"";"";"-0.3";"";"";"";"";"";"";
"03.11.2017 21:00";"0.6";"742.4";"757.1";"0.7";"88";"Штиль, безветрие";"0";"";"";"100%.";"Ливневый снег слабый в срок наблюдения или за последний час. ";"Ливень (ливни).";"Облака покрывали более половины неба в течение всего соответствующего периода.";"";"2.2";"Кучево-дождевые лысые с кучевыми, слоисто-кучевыми или слоистыми, либо без них.";"100%.";"600-1000";"";"";"";"-1.2";"Осадков нет";"12";"";"";"";"";
"03.11.2017 18:00";"1.3";"741.7";"756.4";"0.9";"75";"Ветер, дующий с юго-юго-востока";"1";"";"";"100%.";" ";"";"";"";"";"Слоисто-кучевые, образовавшиеся не из кучевых.";"100%.";"600-1000";"";"";"";"-2.7";"Осадков нет";"12";"";"";"";"";
"03.11.2017 15:00";"1.9";"740.8";"755.4";"-0.2";"68";"Ветер, дующий с юго-востока";"1";"";"";"100%.";" ";"";"";"";"";"Слоисто-кучевые, образовавшиеся не из кучевых.";"100%.";"600-1000";"";"";"10.0";"-3.4";"";"";"";"";"";"";
"03.11.2017 12:00";"1.6";"741.0";"755.6";"0.2";"70";"Ветер, дующий с юга";"2";"";"";"70 – 80%.";" ";"";"";"";"";"Слоисто-кучевые, образовавшиеся не из кучевых.";"70 – 80%.";"600-1000";"Высококучевых, высокослоистых или слоисто-дождевых облаков нет.";"Перистых, перисто-кучевых или перисто-слоистых нет.";"10.0";"-3.4";"";"";"";"";"";"";
"03.11.2017 09:00";"-3.6";"740.8";"755.7";"0.4";"94";"Штиль, безветрие";"0";"";"";"70 – 80%.";"Дымка. ";"Облака покрывали более половины неба в течение одной части соответствующего периода и половину или менее в течение другой части периода.";"Облака покрывали более половины неба в течение одной части соответствующего периода и половину или менее в течение другой части периода.";"-7.1";"";"Слоисто-кучевые, образовавшиеся не из кучевых.";"70 – 80%.";"600-1000";"Высококучевых, высокослоистых или слоисто-дождевых облаков нет.";"Перистых, перисто-кучевых или перисто-слоистых нет.";"4.0";"-4.4";"Осадков нет";"12";"";"";"";"";
"03.11.2017 06:00";"-7.0";"740.4";"755.5";"0.2";"96";"Штиль, безветрие";"0";"";"";"Облаков нет.";"Дымка. ";"Облака покрывали половину неба или менее в течение всего соответствующего периода.";"Облака покрывали половину неба или менее в течение всего соответствующего периода.";"-7.1";"";"";"";"";"";"";"";"-7.6";"Осадков нет";"12";"";"";"";"";
"03.11.2017 03:00";"-6.1";"740.2";"755.3";"0.3";"95";"Штиль, безветрие";"0";"";"";"Облаков нет.";"Дымка. ";"Облака покрывали половину неба или менее в течение всего соответствующего периода.";"Облака покрывали половину неба или менее в течение всего соответствующего периода.";"";"";"";"";"";"";"";"";"-6.8";"";"";"";"";"";"";
"03.11.2017 00:00";"-4.9";"739.9";"754.9";"0.4";"92";"Штиль, безветрие";"0";"";"";"Облаков нет.";"Дымка. ";"Облака покрывали половину неба или менее в течение всего соответствующего периода.";"Облака покрывали половину неба или менее в течение всего соответствующего периода.";"";"";"";"";"";"";"";"";"-6.0";"";"";"";"";"";"";
"02.11.2017 21:00";"-3.9";"739.5";"754.4";"0.9";"87";"Штиль, безветрие";"0";"";"";"Облаков нет.";"Дымка. ";"Облака покрывали более половины неба в течение одной части соответствующего периода и половину или менее в течение другой части периода.";"Облака покрывали более половины неба в течение одной части соответствующего периода и половину или менее в течение другой части периода.";"";"0.3";"";"";"";"";"";"";"-5.8";"Осадков нет";"12";"";"";"";"";
"02.11.2017 18:00";"-2.5";"738.6";"753.4";"0.8";"76";"Штиль, безветрие";"0";"";"";"Облаков нет.";" ";"";"";"";"";"";"";"";"";"";"";"-6.2";"Осадков нет";"12";"";"";"";"";
"02.11.2017 15:00";"0.1";"737.8";"752.5";"0.3";"57";"Ветер, дующий с западо-северо-запада";"1";"";"";"90  или более, но не 100%";" ";"";"";"";"";"Слоисто-кучевые, образовавшиеся не из кучевых.";"90  или более, но не 100%";"1000-1500";"Высококучевых, высокослоистых или слоисто-дождевых облаков нет.";"Перистых, перисто-кучевых или перисто-слоистых нет.";"10.0";"-7.5";"";"";"";"";"";"";
"02.11.2017 12:00";"-1.0";"737.5";"752.2";"0.6";"64";"Ветер, дующий с северо-запада";"1";"";"";"90  или более, но не 100%";" ";"";"";"";"";"Слоисто-кучевые, образовавшиеся не из кучевых.";"20–30%.";"1000-1500";"Высококучевые просвечивающие, расположенные на одном уровне.";"Перистых, перисто-кучевых или перисто-слоистых нет.";"10.0";"-7.1";"";"";"";"";"";"";
"02.11.2017 09:00";"-2.5";"736.9";"751.6";"0.6";"74";"Ветер, дующий с запада";"1";"";"";"100%.";" ";"";"";"-3.9";"";"Слоисто-кучевые, образовавшиеся не из кучевых.";"100%.";"600-1000";"";"";"10.0";"-6.5";"Осадков нет";"12";"";"";"";"";
"02.11.2017 06:00";"-3.4";"736.3";"751.2";"0.2";"82";"Ветер, дующий с запада";"1";"";"";"100%.";" ";"";"";"-3.9";"";"Слоисто-кучевые, образовавшиеся не из кучевых.";"100%.";"600-1000";"";"";"";"-6.0";"Осадков нет";"12";"";"";"";"";
"02.11.2017 03:00";"-3.3";"736.1";"751.0";"0.1";"81";"Ветер, дующий с запада";"1";"";"";"Облаков нет.";" ";"";"";"";"";"";"";"";"";"";"";"-6.1";"";"";"";"";"";"";
"02.11.2017 00:00";"-2.6";"736.0";"750.7";"0.0";"76";"Ветер, дующий с запада";"1";"";"";"20–30%.";" ";"";"";"";"";"Слоисто-кучевых, слоистых, кучевых или кучево-дождевых облаков нет.";"Облаков нет.";"2500 или более, или облаков нет.";"Высококучевых, высокослоистых или слоисто-дождевых облаков нет.";"Перистые нитевидные, иногда когтевидные, не распространяющиеся по небу.";"";"-6.3";"";"";"";"";"";"";
"01.11.2017 21:00";"-1.8";"736.0";"750.7";"0.5";"69";"Ветер, дующий с западо-северо-запада";"2";"";"";"40%.";" ";"";"";"";"0.5";"Слоисто-кучевых, слоистых, кучевых или кучево-дождевых облаков нет.";"40%.";"2500 или более, или облаков нет.";"Высококучевые просвечивающие, расположенные на одном уровне.";"Перистых, перисто-кучевых или перисто-слоистых нет.";"";"-6.8";"Осадков нет";"12";"";"";"";"";
"01.11.2017 18:00";"-0.5";"735.5";"750.2";"0.7";"68";"Ветер, дующий с запада";"2";"";"";"100%.";" ";"";"";"";"";"Слоисто-кучевые, образовавшиеся не из кучевых.";"100%.";"600-1000";"";"";"";"-5.7";"0.2";"12";"";"";"";"";
"01.11.2017 15:00";"-0.8";"734.8";"749.5";"1.1";"74";"Ветер, дующий с запада";"2";"";"12";"100%.";" ";"";"";"";"";"Слоисто-кучевые, образовавшиеся не из кучевых.";"100%.";"600-1000";"";"";"10.0";"-5.0";"";"";"";"";"";"";
"01.11.2017 12:00";"-0.3";"733.7";"748.3";"1.8";"76";"Ветер, дующий с западо-северо-запада";"2";"11";"12";"100%.";" ";"";"";"";"";"Слоисто-кучевые, образовавшиеся не из кучевых.";"100%.";"600-1000";"";"";"10.0";"-4.0";"";"";"";"";"";"";
"01.11.2017 09:00";"0.4";"731.9";"746.5";"2.1";"79";"Ветер, дующий с северо-запада";"3";"";"12";"100%.";"Состояние неба в общем не изменилось. ";"Дождь со снегом или другими видами твердых осадков";"Облака покрывали более половины неба в течение всего соответствующего периода.";"0.0";"";"Слоисто-кучевые, образовавшиеся не из кучевых.";"100%.";"600-1000";"";"";"10.0";"-2.9";"2.0";"12";"";"";"Слежавшийся или мокрый снег (со льдом или без него), покрывающий по крайней мере половину поверхности почвы, но почва не покрыта полностью.";"1.0";
"01.11.2017 06:00";"0.2";"729.8";"744.4";"2.1";"89";"Ветер, дующий с западо-северо-запада";"3";"";"12";"100%.";"Снег непрерывный слабый в срок наблюдения. ";"Дождь со снегом или другими видами твердых осадков";"Облака покрывали более половины неба в течение всего соответствующего периода.";"0.2";"";"Слоисто-кучевые, образовавшиеся не из кучевых.";"100%.";"600-1000";"";"";"";"-1.4";"3.0";"12";"";"";"";"";
"01.11.2017 03:00";"0.7";"727.7";"742.2";"2.2";"90";"Ветер, дующий с северо-запада";"2";"";"12";"100%.";"Снег непрерывный слабый в срок наблюдения. ";"Дождь со снегом или другими видами твердых осадков";"Облака покрывали более половины неба в течение всего соответствующего периода.";"";"";"Слоисто-кучевые, образовавшиеся не из кучевых.";"70 – 80%.";"600-1000";"Высокослоистые непросвечивающие или слоисто-дождевые.";"";"";"-0.7";"";"";"";"";"";"";
"01.11.2017 00:00";"0.6";"725.5";"739.9";"2.4";"91";"Ветер, дующий с северо-запада";"3";"";"12";"100%.";"Снег непрерывный слабый в срок наблюдения. ";"Дождь со снегом или другими видами твердых осадков";"Облака покрывали более половины неба в течение всего соответствующего периода.";"";"";"Слоисто-кучевые, образовавшиеся не из кучевых.";"70 – 80%.";"600-1000";"Высокослоистые непросвечивающие или слоисто-дождевые.";"";"";"-0.7";"";"";"";"";"";"";
